City ID,City Name,Airport Name,Iata Code,Country Name,City ID Departure,Min Price,Airline ID,Non-Stop Flight,Departure Date,Quote ID
56615,Hong Kong,Hong Kong International,HKG,Hong Kong,81665.0,380.0,851,False,2019-12-01,1.0
56615,Hong Kong,Hong Kong International,HKG,Hong Kong,81665.0,463.0,851,False,2019-12-02,2.0
56615,Hong Kong,Hong Kong International,HKG,Hong Kong,81665.0,381.0,851,False,2019-12-03,3.0
56615,Hong Kong,Hong Kong International,HKG,Hong Kong,81665.0,386.0,851,False,2019-12-04,4.0
56615,Hong Kong,Hong Kong International,HKG,Hong Kong,81665.0,619.0,952,True,2019-12-04,5.0
56615,Hong Kong,Hong Kong International,HKG,Hong Kong,81665.0,385.0,851,False,2019-12-05,6.0
56615,Hong Kong,Hong Kong International,HKG,Hong Kong,81665.0,386.0,851,False,2019-12-08,7.0
56615,Hong Kong,Hong Kong International,HKG,Hong Kong,81665.0,384.0,851,False,2019-12-09,8.0
56615,Hong Kong,Hong Kong International,HKG,Hong Kong,81665.0,785.0,851,False,2019-12-10,9.0
56615,Hong Kong,Hong Kong International,HKG,Hong Kong,81665.0,892.0,1276,False,2019-12-12,10.0
56615,Hong Kong,Hong Kong International,HKG,Hong Kong,81665.0,788.0,1530,False,2019-12-13,11.0
56615,Hong Kong,Hong Kong International,HKG,Hong Kong,81665.0,979.0,952,True,2019-12-13,12.0
56615,Hong Kong,Hong Kong International,HKG,Hong Kong,81665.0,785.0,851,False,2019-12-14,13.0
56615,Hong Kong,Hong Kong International,HKG,Hong Kong,81665.0,979.0,952,True,2019-12-14,14.0
56615,Hong Kong,Hong Kong International,HKG,Hong Kong,81665.0,772.0,1793,False,2019-12-15,15.0
56615,Hong Kong,Hong Kong International,HKG,Hong Kong,81665.0,981.0,952,True,2019-12-15,16.0
56615,Hong Kong,Hong Kong International,HKG,Hong Kong,81665.0,766.0,1793,False,2019-12-16,17.0
56615,Hong Kong,Hong Kong International,HKG,Hong Kong,81665.0,981.0,952,True,2019-12-16,18.0
56615,Hong Kong,Hong Kong International,HKG,Hong Kong,81665.0,749.0,1793,False,2019-12-17,19.0
56615,Hong Kong,Hong Kong International,HKG,Hong Kong,81665.0,699.0,1324,False,2019-12-18,20.0
56615,Hong Kong,Hong Kong International,HKG,Hong Kong,81665.0,899.0,952,True,2019-12-18,21.0
56615,Hong Kong,Hong Kong International,HKG,Hong Kong,81665.0,785.0,851,False,2019-12-19,22.0
56615,Hong Kong,Hong Kong International,HKG,Hong Kong,81665.0,789.0,1530,False,2019-12-20,23.0
56615,Hong Kong,Hong Kong International,HKG,Hong Kong,81665.0,899.0,952,True,2019-12-20,24.0
56615,Hong Kong,Hong Kong International,HKG,Hong Kong,81665.0,785.0,1530,False,2019-12-21,25.0
56615,Hong Kong,Hong Kong International,HKG,Hong Kong,81665.0,894.0,952,True,2019-12-21,26.0
56615,Hong Kong,Hong Kong International,HKG,Hong Kong,81665.0,712.0,851,False,2019-12-22,27.0
56615,Hong Kong,Hong Kong International,HKG,Hong Kong,81665.0,893.0,952,True,2019-12-22,28.0
56615,Hong Kong,Hong Kong International,HKG,Hong Kong,81665.0,581.0,851,False,2019-12-23,29.0
56615,Hong Kong,Hong Kong International,HKG,Hong Kong,81665.0,893.0,952,True,2019-12-23,30.0
56615,Hong Kong,Hong Kong International,HKG,Hong Kong,81665.0,466.0,851,False,2019-12-24,31.0
56615,Hong Kong,Hong Kong International,HKG,Hong Kong,81665.0,747.0,1317,False,2019-12-25,32.0
56615,Hong Kong,Hong Kong International,HKG,Hong Kong,81665.0,880.0,952,True,2019-12-25,33.0
56615,Hong Kong,Hong Kong International,HKG,Hong Kong,81665.0,515.0,851,False,2019-12-26,34.0
56615,Hong Kong,Hong Kong International,HKG,Hong Kong,81665.0,794.0,851,False,2019-12-27,35.0
56615,Hong Kong,Hong Kong International,HKG,Hong Kong,81665.0,488.0,851,False,2019-12-28,36.0
56615,Hong Kong,Hong Kong International,HKG,Hong Kong,81665.0,799.0,952,True,2019-12-28,37.0
56615,Hong Kong,Hong Kong International,HKG,Hong Kong,81665.0,704.0,898,False,2019-12-29,38.0
56615,Hong Kong,Hong Kong International,HKG,Hong Kong,81665.0,876.0,952,True,2019-12-29,39.0
56615,Hong Kong,Hong Kong International,HKG,Hong Kong,81665.0,556.0,1793,False,2019-12-31,40.0
42795,Bangkok,Bangkok Suvarnabhumi,BKK,Thailand,81665.0,407.0,1713,False,2019-12-01,1.0
42795,Bangkok,Bangkok Suvarnabhumi,BKK,Thailand,81665.0,452.0,1713,False,2019-12-02,2.0
42795,Bangkok,Bangkok Suvarnabhumi,BKK,Thailand,81665.0,439.0,1713,False,2019-12-03,3.0
42795,Bangkok,Bangkok Suvarnabhumi,BKK,Thailand,81665.0,441.0,1713,False,2019-12-05,4.0
42795,Bangkok,Bangkok Suvarnabhumi,BKK,Thailand,81665.0,962.0,851,False,2019-12-06,5.0
42795,Bangkok,Bangkok Suvarnabhumi,BKK,Thailand,81665.0,639.0,898,False,2019-12-07,6.0
42795,Bangkok,Bangkok Suvarnabhumi,BKK,Thailand,81665.0,488.0,851,False,2019-12-08,7.0
42795,Bangkok,Bangkok Suvarnabhumi,BKK,Thailand,81665.0,485.0,851,False,2019-12-09,8.0
42795,Bangkok,Bangkok Suvarnabhumi,BKK,Thailand,81665.0,490.0,1713,False,2019-12-10,9.0
42795,Bangkok,Bangkok Suvarnabhumi,BKK,Thailand,81665.0,616.0,1276,False,2019-12-11,10.0
42795,Bangkok,Bangkok Suvarnabhumi,BKK,Thailand,81665.0,625.0,1276,False,2019-12-12,11.0
42795,Bangkok,Bangkok Suvarnabhumi,BKK,Thailand,81665.0,653.0,1317,False,2019-12-13,12.0
42795,Bangkok,Bangkok Suvarnabhumi,BKK,Thailand,81665.0,772.0,898,False,2019-12-14,13.0
42795,Bangkok,Bangkok Suvarnabhumi,BKK,Thailand,81665.0,696.0,851,False,2019-12-15,14.0
42795,Bangkok,Bangkok Suvarnabhumi,BKK,Thailand,81665.0,1164.0,1464,False,2019-12-16,15.0
42795,Bangkok,Bangkok Suvarnabhumi,BKK,Thailand,81665.0,770.0,898,False,2019-12-17,16.0
42795,Bangkok,Bangkok Suvarnabhumi,BKK,Thailand,81665.0,771.0,1317,False,2019-12-18,17.0
42795,Bangkok,Bangkok Suvarnabhumi,BKK,Thailand,81665.0,736.0,898,False,2019-12-19,18.0
42795,Bangkok,Bangkok Suvarnabhumi,BKK,Thailand,81665.0,807.0,1317,False,2019-12-20,19.0
42795,Bangkok,Bangkok Suvarnabhumi,BKK,Thailand,81665.0,807.0,1317,False,2019-12-21,20.0
42795,Bangkok,Bangkok Suvarnabhumi,BKK,Thailand,81665.0,799.0,1317,False,2019-12-22,21.0
42795,Bangkok,Bangkok Suvarnabhumi,BKK,Thailand,81665.0,735.0,898,False,2019-12-23,22.0
42795,Bangkok,Bangkok Suvarnabhumi,BKK,Thailand,81665.0,1248.0,851,False,2019-12-24,23.0
42795,Bangkok,Bangkok Suvarnabhumi,BKK,Thailand,81665.0,633.0,1317,False,2019-12-25,24.0
42795,Bangkok,Bangkok Suvarnabhumi,BKK,Thailand,81665.0,552.0,1429,False,2019-12-26,25.0
42795,Bangkok,Bangkok Suvarnabhumi,BKK,Thailand,81665.0,534.0,1429,False,2019-12-27,26.0
42795,Bangkok,Bangkok Suvarnabhumi,BKK,Thailand,81665.0,1245.0,851,False,2019-12-28,27.0
42795,Bangkok,Bangkok Suvarnabhumi,BKK,Thailand,81665.0,1134.0,1464,False,2019-12-29,28.0
42795,Bangkok,Bangkok Suvarnabhumi,BKK,Thailand,81665.0,451.0,1429,False,2019-12-30,29.0
42795,Bangkok,Bangkok Suvarnabhumi,BKK,Thailand,81665.0,590.0,1713,False,2019-12-31,30.0
65698,London,London Heathrow,LHR,United Kingdom,81665.0,321.0,858,False,2019-12-01,1.0
65698,London,London Heathrow,LHR,United Kingdom,81665.0,520.0,1218,True,2019-12-01,2.0
65698,London,London Heathrow,LHR,United Kingdom,81665.0,488.0,1859,True,2019-12-02,3.0
65698,London,London Heathrow,LHR,United Kingdom,81665.0,540.0,851,False,2019-12-03,4.0
65698,London,London Heathrow,LHR,United Kingdom,81665.0,566.0,1859,True,2019-12-03,5.0
65698,London,London Heathrow,LHR,United Kingdom,81665.0,747.0,981,False,2019-12-04,6.0
65698,London,London Heathrow,LHR,United Kingdom,81665.0,2036.0,1859,True,2019-12-04,7.0
65698,London,London Heathrow,LHR,United Kingdom,81665.0,287.0,851,False,2019-12-05,8.0
65698,London,London Heathrow,LHR,United Kingdom,81665.0,336.0,1218,True,2019-12-05,9.0
65698,London,London Heathrow,LHR,United Kingdom,81665.0,758.0,981,False,2019-12-07,10.0
65698,London,London Heathrow,LHR,United Kingdom,81665.0,2050.0,1859,True,2019-12-07,11.0
65698,London,London Heathrow,LHR,United Kingdom,81665.0,753.0,1081,False,2019-12-08,12.0
65698,London,London Heathrow,LHR,United Kingdom,81665.0,2050.0,1859,True,2019-12-08,13.0
65698,London,London Heathrow,LHR,United Kingdom,81665.0,226.0,1368,False,2019-12-09,14.0
65698,London,London Heathrow,LHR,United Kingdom,81665.0,440.0,1218,True,2019-12-09,15.0
65698,London,London Heathrow,LHR,United Kingdom,81665.0,218.0,1523,False,2019-12-10,16.0
65698,London,London Heathrow,LHR,United Kingdom,81665.0,443.0,1218,True,2019-12-10,17.0
65698,London,London Heathrow,LHR,United Kingdom,81665.0,288.0,1523,False,2019-12-11,18.0
65698,London,London Heathrow,LHR,United Kingdom,81665.0,440.0,1218,True,2019-12-11,19.0
65698,London,London Heathrow,LHR,United Kingdom,81665.0,287.0,851,False,2019-12-12,20.0
65698,London,London Heathrow,LHR,United Kingdom,81665.0,605.0,857,True,2019-12-12,21.0
65698,London,London Heathrow,LHR,United Kingdom,81665.0,326.0,838,False,2019-12-13,22.0
65698,London,London Heathrow,LHR,United Kingdom,81665.0,386.0,1218,True,2019-12-13,23.0
65698,London,London Heathrow,LHR,United Kingdom,81665.0,363.0,851,False,2019-12-14,24.0
65698,London,London Heathrow,LHR,United Kingdom,81665.0,483.0,1218,True,2019-12-14,25.0
65698,London,London Heathrow,LHR,United Kingdom,81665.0,754.0,981,False,2019-12-15,26.0
65698,London,London Heathrow,LHR,United Kingdom,81665.0,1624.0,838,True,2019-12-15,27.0
65698,London,London Heathrow,LHR,United Kingdom,81665.0,365.0,851,False,2019-12-16,28.0
65698,London,London Heathrow,LHR,United Kingdom,81665.0,454.0,1218,True,2019-12-16,29.0
65698,London,London Heathrow,LHR,United Kingdom,81665.0,599.0,1033,False,2019-12-17,30.0
65698,London,London Heathrow,LHR,United Kingdom,81665.0,763.0,838,True,2019-12-17,31.0
65698,London,London Heathrow,LHR,United Kingdom,81665.0,518.0,851,False,2019-12-18,32.0
65698,London,London Heathrow,LHR,United Kingdom,81665.0,1710.0,838,True,2019-12-18,33.0
65698,London,London Heathrow,LHR,United Kingdom,81665.0,599.0,1033,False,2019-12-19,34.0
65698,London,London Heathrow,LHR,United Kingdom,81665.0,640.0,1218,True,2019-12-19,35.0
65698,London,London Heathrow,LHR,United Kingdom,81665.0,640.0,1218,True,2019-12-20,36.0
65698,London,London Heathrow,LHR,United Kingdom,81665.0,664.0,1033,False,2019-12-21,37.0
65698,London,London Heathrow,LHR,United Kingdom,81665.0,924.0,838,True,2019-12-21,38.0
65698,London,London Heathrow,LHR,United Kingdom,81665.0,660.0,851,False,2019-12-22,39.0
65698,London,London Heathrow,LHR,United Kingdom,81665.0,1777.0,1324,True,2019-12-22,40.0
65698,London,London Heathrow,LHR,United Kingdom,81665.0,358.0,1482,False,2019-12-24,41.0
65698,London,London Heathrow,LHR,United Kingdom,81665.0,473.0,857,True,2019-12-24,42.0
65698,London,London Heathrow,LHR,United Kingdom,81665.0,317.0,838,False,2019-12-25,43.0
65698,London,London Heathrow,LHR,United Kingdom,81665.0,524.0,1218,True,2019-12-25,44.0
65698,London,London Heathrow,LHR,United Kingdom,81665.0,347.0,1482,False,2019-12-26,45.0
65698,London,London Heathrow,LHR,United Kingdom,81665.0,698.0,1218,True,2019-12-26,46.0
65698,London,London Heathrow,LHR,United Kingdom,81665.0,339.0,981,False,2019-12-27,47.0
65698,London,London Heathrow,LHR,United Kingdom,81665.0,610.0,1218,True,2019-12-27,48.0
65698,London,London Heathrow,LHR,United Kingdom,81665.0,222.0,941,False,2019-12-28,49.0
65698,London,London Heathrow,LHR,United Kingdom,81665.0,479.0,1218,True,2019-12-28,50.0
65698,London,London Heathrow,LHR,United Kingdom,81665.0,244.0,838,False,2019-12-30,51.0
65698,London,London Heathrow,LHR,United Kingdom,81665.0,520.0,1218,True,2019-12-30,52.0
65698,London,London Heathrow,LHR,United Kingdom,81665.0,241.0,941,False,2019-12-31,53.0
65698,London,London Heathrow,LHR,United Kingdom,81665.0,515.0,857,True,2019-12-31,54.0
81870,Singapore,Singapore Changi,SIN,Singapore,81665.0,646.0,898,False,2019-12-01,1.0
81870,Singapore,Singapore Changi,SIN,Singapore,81665.0,611.0,898,False,2019-12-02,2.0
81870,Singapore,Singapore Changi,SIN,Singapore,81665.0,473.0,1276,False,2019-12-03,3.0
81870,Singapore,Singapore Changi,SIN,Singapore,81665.0,532.0,1713,True,2019-12-03,4.0
81870,Singapore,Singapore Changi,SIN,Singapore,81665.0,611.0,898,False,2019-12-04,5.0
81870,Singapore,Singapore Changi,SIN,Singapore,81665.0,611.0,898,False,2019-12-05,6.0
81870,Singapore,Singapore Changi,SIN,Singapore,81665.0,481.0,1276,False,2019-12-06,7.0
81870,Singapore,Singapore Changi,SIN,Singapore,81665.0,480.0,1276,False,2019-12-07,8.0
81870,Singapore,Singapore Changi,SIN,Singapore,81665.0,688.0,1713,True,2019-12-07,9.0
81870,Singapore,Singapore Changi,SIN,Singapore,81665.0,646.0,898,False,2019-12-08,10.0
81870,Singapore,Singapore Changi,SIN,Singapore,81665.0,474.0,1317,False,2019-12-09,11.0
81870,Singapore,Singapore Changi,SIN,Singapore,81665.0,577.0,988,False,2019-12-10,12.0
81870,Singapore,Singapore Changi,SIN,Singapore,81665.0,684.0,1793,False,2019-12-11,13.0
81870,Singapore,Singapore Changi,SIN,Singapore,81665.0,578.0,988,False,2019-12-12,14.0
81870,Singapore,Singapore Changi,SIN,Singapore,81665.0,1396.0,1713,True,2019-12-12,15.0
81870,Singapore,Singapore Changi,SIN,Singapore,81665.0,578.0,988,False,2019-12-13,16.0
81870,Singapore,Singapore Changi,SIN,Singapore,81665.0,749.0,988,False,2019-12-14,17.0
81870,Singapore,Singapore Changi,SIN,Singapore,81665.0,1372.0,1713,True,2019-12-14,18.0
81870,Singapore,Singapore Changi,SIN,Singapore,81665.0,711.0,988,False,2019-12-15,19.0
81870,Singapore,Singapore Changi,SIN,Singapore,81665.0,721.0,988,False,2019-12-16,20.0
81870,Singapore,Singapore Changi,SIN,Singapore,81665.0,751.0,898,False,2019-12-17,21.0
81870,Singapore,Singapore Changi,SIN,Singapore,81665.0,1259.0,1713,True,2019-12-17,22.0
81870,Singapore,Singapore Changi,SIN,Singapore,81665.0,804.0,851,False,2019-12-18,23.0
81870,Singapore,Singapore Changi,SIN,Singapore,81665.0,751.0,898,False,2019-12-19,24.0
81870,Singapore,Singapore Changi,SIN,Singapore,81665.0,1690.0,1713,True,2019-12-19,25.0
81870,Singapore,Singapore Changi,SIN,Singapore,81665.0,894.0,1276,False,2019-12-20,26.0
81870,Singapore,Singapore Changi,SIN,Singapore,81665.0,895.0,1276,False,2019-12-21,27.0
81870,Singapore,Singapore Changi,SIN,Singapore,81665.0,2537.0,1713,True,2019-12-21,28.0
81870,Singapore,Singapore Changi,SIN,Singapore,81665.0,787.0,898,False,2019-12-22,29.0
81870,Singapore,Singapore Changi,SIN,Singapore,81665.0,1308.0,1713,True,2019-12-22,30.0
81870,Singapore,Singapore Changi,SIN,Singapore,81665.0,709.0,1793,False,2019-12-23,31.0
81870,Singapore,Singapore Changi,SIN,Singapore,81665.0,663.0,988,False,2019-12-24,32.0
81870,Singapore,Singapore Changi,SIN,Singapore,81665.0,686.0,1713,True,2019-12-24,33.0
81870,Singapore,Singapore Changi,SIN,Singapore,81665.0,1124.0,1276,False,2019-12-25,34.0
81870,Singapore,Singapore Changi,SIN,Singapore,81665.0,517.0,898,False,2019-12-26,35.0
81870,Singapore,Singapore Changi,SIN,Singapore,81665.0,639.0,1713,True,2019-12-26,36.0
81870,Singapore,Singapore Changi,SIN,Singapore,81665.0,652.0,898,False,2019-12-27,37.0
81870,Singapore,Singapore Changi,SIN,Singapore,81665.0,738.0,988,False,2019-12-28,38.0
81870,Singapore,Singapore Changi,SIN,Singapore,81665.0,631.0,1276,False,2019-12-30,39.0
48018,Dubai,Dubai,DXB,United Arab Emirates,81665.0,2758.0,1324,False,2019-12-01,1.0
48018,Dubai,Dubai,DXB,United Arab Emirates,81665.0,2759.0,1324,False,2019-12-02,2.0
48018,Dubai,Dubai,DXB,United Arab Emirates,81665.0,2759.0,1324,False,2019-12-03,3.0
48018,Dubai,Dubai,DXB,United Arab Emirates,81665.0,2759.0,1324,False,2019-12-04,4.0
48018,Dubai,Dubai,DXB,United Arab Emirates,81665.0,2759.0,1324,False,2019-12-05,5.0
48018,Dubai,Dubai,DXB,United Arab Emirates,81665.0,2759.0,1324,False,2019-12-06,6.0
48018,Dubai,Dubai,DXB,United Arab Emirates,81665.0,2759.0,1324,False,2019-12-07,7.0
48018,Dubai,Dubai,DXB,United Arab Emirates,81665.0,2759.0,1324,False,2019-12-08,8.0
48018,Dubai,Dubai,DXB,United Arab Emirates,81665.0,2759.0,1324,False,2019-12-09,9.0
48018,Dubai,Dubai,DXB,United Arab Emirates,81665.0,2759.0,1324,False,2019-12-10,10.0
48018,Dubai,Dubai,DXB,United Arab Emirates,81665.0,2759.0,1324,False,2019-12-11,11.0
48018,Dubai,Dubai,DXB,United Arab Emirates,81665.0,2759.0,1324,False,2019-12-12,12.0
48018,Dubai,Dubai,DXB,United Arab Emirates,81665.0,460.0,851,False,2019-12-13,13.0
48018,Dubai,Dubai,DXB,United Arab Emirates,81665.0,1204.0,870,True,2019-12-13,14.0
48018,Dubai,Dubai,DXB,United Arab Emirates,81665.0,2759.0,1324,False,2019-12-14,15.0
48018,Dubai,Dubai,DXB,United Arab Emirates,81665.0,2759.0,1324,False,2019-12-15,16.0
48018,Dubai,Dubai,DXB,United Arab Emirates,81665.0,2759.0,1324,False,2019-12-16,17.0
48018,Dubai,Dubai,DXB,United Arab Emirates,81665.0,704.0,851,False,2019-12-17,18.0
48018,Dubai,Dubai,DXB,United Arab Emirates,81665.0,1257.0,1035,True,2019-12-17,19.0
48018,Dubai,Dubai,DXB,United Arab Emirates,81665.0,1072.0,952,False,2019-12-18,20.0
48018,Dubai,Dubai,DXB,United Arab Emirates,81665.0,1210.0,1035,True,2019-12-18,21.0
48018,Dubai,Dubai,DXB,United Arab Emirates,81665.0,1250.0,851,False,2019-12-19,22.0
48018,Dubai,Dubai,DXB,United Arab Emirates,81665.0,1259.0,1035,True,2019-12-19,23.0
48018,Dubai,Dubai,DXB,United Arab Emirates,81665.0,1079.0,952,False,2019-12-20,24.0
48018,Dubai,Dubai,DXB,United Arab Emirates,81665.0,1204.0,1035,True,2019-12-20,25.0
48018,Dubai,Dubai,DXB,United Arab Emirates,81665.0,960.0,1907,False,2019-12-21,26.0
48018,Dubai,Dubai,DXB,United Arab Emirates,81665.0,1307.0,1035,True,2019-12-21,27.0
48018,Dubai,Dubai,DXB,United Arab Emirates,81665.0,772.0,952,False,2019-12-27,28.0
48018,Dubai,Dubai,DXB,United Arab Emirates,81665.0,1203.0,870,True,2019-12-27,29.0
48018,Dubai,Dubai,DXB,United Arab Emirates,81665.0,753.0,870,False,2019-12-29,30.0
48018,Dubai,Dubai,DXB,United Arab Emirates,81665.0,1086.0,1035,True,2019-12-29,31.0
44759,Paris,Paris Charles de Gaulle,CDG,France,81665.0,442.0,851,False,2019-12-01,1.0
44759,Paris,Paris Charles de Gaulle,CDG,France,81665.0,1118.0,1324,True,2019-12-01,2.0
44759,Paris,Paris Charles de Gaulle,CDG,France,81665.0,636.0,981,False,2019-12-02,3.0
44759,Paris,Paris Charles de Gaulle,CDG,France,81665.0,309.0,851,False,2019-12-03,4.0
44759,Paris,Paris Charles de Gaulle,CDG,France,81665.0,1065.0,1324,True,2019-12-03,5.0
44759,Paris,Paris Charles de Gaulle,CDG,France,81665.0,636.0,981,False,2019-12-04,6.0
44759,Paris,Paris Charles de Gaulle,CDG,France,81665.0,3038.0,838,True,2019-12-04,7.0
44759,Paris,Paris Charles de Gaulle,CDG,France,81665.0,292.0,851,False,2019-12-05,8.0
44759,Paris,Paris Charles de Gaulle,CDG,France,81665.0,3058.0,838,True,2019-12-05,9.0
44759,Paris,Paris Charles de Gaulle,CDG,France,81665.0,685.0,83896,False,2019-12-06,10.0
44759,Paris,Paris Charles de Gaulle,CDG,France,81665.0,3038.0,838,True,2019-12-06,11.0
44759,Paris,Paris Charles de Gaulle,CDG,France,81665.0,636.0,981,False,2019-12-07,12.0
44759,Paris,Paris Charles de Gaulle,CDG,France,81665.0,3038.0,838,True,2019-12-07,13.0
44759,Paris,Paris Charles de Gaulle,CDG,France,81665.0,576.0,83896,False,2019-12-08,14.0
44759,Paris,Paris Charles de Gaulle,CDG,France,81665.0,3038.0,838,True,2019-12-08,15.0
44759,Paris,Paris Charles de Gaulle,CDG,France,81665.0,318.0,851,False,2019-12-09,16.0
44759,Paris,Paris Charles de Gaulle,CDG,France,81665.0,3058.0,838,True,2019-12-09,17.0
44759,Paris,Paris Charles de Gaulle,CDG,France,81665.0,308.0,851,False,2019-12-10,18.0
44759,Paris,Paris Charles de Gaulle,CDG,France,81665.0,3038.0,838,True,2019-12-10,19.0
44759,Paris,Paris Charles de Gaulle,CDG,France,81665.0,303.0,851,False,2019-12-11,20.0
44759,Paris,Paris Charles de Gaulle,CDG,France,81665.0,1118.0,1324,True,2019-12-11,21.0
44759,Paris,Paris Charles de Gaulle,CDG,France,81665.0,405.0,851,False,2019-12-14,22.0
44759,Paris,Paris Charles de Gaulle,CDG,France,81665.0,1328.0,838,True,2019-12-14,23.0
44759,Paris,Paris Charles de Gaulle,CDG,France,81665.0,401.0,870,False,2019-12-15,24.0
44759,Paris,Paris Charles de Gaulle,CDG,France,81665.0,1043.0,838,True,2019-12-15,25.0
44759,Paris,Paris Charles de Gaulle,CDG,France,81665.0,705.0,83896,False,2019-12-16,26.0
44759,Paris,Paris Charles de Gaulle,CDG,France,81665.0,596.0,981,False,2019-12-17,27.0
44759,Paris,Paris Charles de Gaulle,CDG,France,81665.0,3038.0,838,True,2019-12-17,28.0
44759,Paris,Paris Charles de Gaulle,CDG,France,81665.0,531.0,851,False,2019-12-18,29.0
44759,Paris,Paris Charles de Gaulle,CDG,France,81665.0,3085.0,838,True,2019-12-18,30.0
44759,Paris,Paris Charles de Gaulle,CDG,France,81665.0,815.0,83896,False,2019-12-19,31.0
44759,Paris,Paris Charles de Gaulle,CDG,France,81665.0,3113.0,838,True,2019-12-19,32.0
44759,Paris,Paris Charles de Gaulle,CDG,France,81665.0,779.0,851,False,2019-12-20,33.0
44759,Paris,Paris Charles de Gaulle,CDG,France,81665.0,1705.0,1324,True,2019-12-20,34.0
44759,Paris,Paris Charles de Gaulle,CDG,France,81665.0,728.0,1033,False,2019-12-21,35.0
44759,Paris,Paris Charles de Gaulle,CDG,France,81665.0,1678.0,838,True,2019-12-21,36.0
44759,Paris,Paris Charles de Gaulle,CDG,France,81665.0,850.0,1081,False,2019-12-22,37.0
44759,Paris,Paris Charles de Gaulle,CDG,France,81665.0,3158.0,838,True,2019-12-22,38.0
44759,Paris,Paris Charles de Gaulle,CDG,France,81665.0,506.0,870,False,2019-12-23,39.0
44759,Paris,Paris Charles de Gaulle,CDG,France,81665.0,1293.0,838,True,2019-12-23,40.0
44759,Paris,Paris Charles de Gaulle,CDG,France,81665.0,395.0,851,False,2019-12-24,41.0
44759,Paris,Paris Charles de Gaulle,CDG,France,81665.0,930.0,838,True,2019-12-24,42.0
44759,Paris,Paris Charles de Gaulle,CDG,France,81665.0,426.0,851,False,2019-12-25,43.0
44759,Paris,Paris Charles de Gaulle,CDG,France,81665.0,3057.0,1324,True,2019-12-25,44.0
44759,Paris,Paris Charles de Gaulle,CDG,France,81665.0,449.0,1324,False,2019-12-26,45.0
44759,Paris,Paris Charles de Gaulle,CDG,France,81665.0,1177.0,1324,True,2019-12-26,46.0
44759,Paris,Paris Charles de Gaulle,CDG,France,81665.0,492.0,1902,False,2019-12-27,47.0
44759,Paris,Paris Charles de Gaulle,CDG,France,81665.0,3037.0,1324,True,2019-12-27,48.0
44759,Paris,Paris Charles de Gaulle,CDG,France,81665.0,636.0,981,False,2019-12-28,49.0
44759,Paris,Paris Charles de Gaulle,CDG,France,81665.0,3038.0,838,True,2019-12-28,50.0
44759,Paris,Paris Charles de Gaulle,CDG,France,81665.0,428.0,1324,False,2019-12-30,51.0
44759,Paris,Paris Charles de Gaulle,CDG,France,81665.0,1118.0,1324,True,2019-12-30,52.0
44759,Paris,Paris Charles de Gaulle,CDG,France,81665.0,404.0,851,False,2019-12-31,53.0
44759,Paris,Paris Charles de Gaulle,CDG,France,81665.0,1117.0,1324,True,2019-12-31,54.0
60987,New York,New York John F. Kennedy,JFK,United States,81665.0,296.0,870,True,2019-12-01,1.0
60987,New York,New York John F. Kennedy,JFK,United States,81665.0,228.0,851,False,2019-12-02,2.0
60987,New York,New York John F. Kennedy,JFK,United States,81665.0,236.0,851,True,2019-12-02,3.0
60987,New York,New York John F. Kennedy,JFK,United States,81665.0,173.0,870,True,2019-12-03,4.0
60987,New York,New York John F. Kennedy,JFK,United States,81665.0,135.0,988,True,2019-12-04,5.0
60987,New York,New York John F. Kennedy,JFK,United States,81665.0,141.0,833,False,2019-12-05,6.0
60987,New York,New York John F. Kennedy,JFK,United States,81665.0,154.0,870,True,2019-12-05,7.0
60987,New York,New York John F. Kennedy,JFK,United States,81665.0,134.0,988,True,2019-12-06,8.0
60987,New York,New York John F. Kennedy,JFK,United States,81665.0,132.0,851,True,2019-12-07,9.0
60987,New York,New York John F. Kennedy,JFK,United States,81665.0,132.0,851,True,2019-12-08,10.0
60987,New York,New York John F. Kennedy,JFK,United States,81665.0,133.0,851,True,2019-12-09,11.0
60987,New York,New York John F. Kennedy,JFK,United States,81665.0,133.0,851,True,2019-12-10,12.0
60987,New York,New York John F. Kennedy,JFK,United States,81665.0,135.0,988,True,2019-12-11,13.0
60987,New York,New York John F. Kennedy,JFK,United States,81665.0,172.0,870,False,2019-12-12,14.0
60987,New York,New York John F. Kennedy,JFK,United States,81665.0,174.0,870,True,2019-12-12,15.0
60987,New York,New York John F. Kennedy,JFK,United States,81665.0,172.0,870,False,2019-12-13,16.0
60987,New York,New York John F. Kennedy,JFK,United States,81665.0,188.0,870,True,2019-12-13,17.0
60987,New York,New York John F. Kennedy,JFK,United States,81665.0,166.0,851,False,2019-12-14,18.0
60987,New York,New York John F. Kennedy,JFK,United States,81665.0,186.0,851,True,2019-12-14,19.0
60987,New York,New York John F. Kennedy,JFK,United States,81665.0,143.0,833,False,2019-12-15,20.0
60987,New York,New York John F. Kennedy,JFK,United States,81665.0,176.0,870,True,2019-12-15,21.0
60987,New York,New York John F. Kennedy,JFK,United States,81665.0,142.0,833,False,2019-12-16,22.0
60987,New York,New York John F. Kennedy,JFK,United States,81665.0,149.0,988,True,2019-12-16,23.0
60987,New York,New York John F. Kennedy,JFK,United States,81665.0,143.0,833,False,2019-12-17,24.0
60987,New York,New York John F. Kennedy,JFK,United States,81665.0,154.0,988,True,2019-12-17,25.0
60987,New York,New York John F. Kennedy,JFK,United States,81665.0,188.0,988,False,2019-12-18,26.0
60987,New York,New York John F. Kennedy,JFK,United States,81665.0,190.0,988,True,2019-12-18,27.0
60987,New York,New York John F. Kennedy,JFK,United States,81665.0,259.0,988,True,2019-12-19,28.0
60987,New York,New York John F. Kennedy,JFK,United States,81665.0,307.0,988,False,2019-12-20,29.0
60987,New York,New York John F. Kennedy,JFK,United States,81665.0,325.0,870,True,2019-12-20,30.0
60987,New York,New York John F. Kennedy,JFK,United States,81665.0,323.0,870,True,2019-12-21,31.0
60987,New York,New York John F. Kennedy,JFK,United States,81665.0,235.0,851,True,2019-12-22,32.0
60987,New York,New York John F. Kennedy,JFK,United States,81665.0,188.0,870,True,2019-12-23,33.0
60987,New York,New York John F. Kennedy,JFK,United States,81665.0,181.0,870,True,2019-12-24,34.0
60987,New York,New York John F. Kennedy,JFK,United States,81665.0,153.0,870,False,2019-12-25,35.0
60987,New York,New York John F. Kennedy,JFK,United States,81665.0,155.0,870,True,2019-12-25,36.0
60987,New York,New York John F. Kennedy,JFK,United States,81665.0,220.0,988,True,2019-12-26,37.0
60987,New York,New York John F. Kennedy,JFK,United States,81665.0,236.0,870,True,2019-12-27,38.0
60987,New York,New York John F. Kennedy,JFK,United States,81665.0,246.0,870,False,2019-12-28,39.0
60987,New York,New York John F. Kennedy,JFK,United States,81665.0,266.0,851,True,2019-12-28,40.0
60987,New York,New York John F. Kennedy,JFK,United States,81665.0,190.0,870,True,2019-12-29,41.0
60987,New York,New York John F. Kennedy,JFK,United States,81665.0,192.0,870,False,2019-12-30,42.0
60987,New York,New York John F. Kennedy,JFK,United States,81665.0,210.0,988,True,2019-12-30,43.0
60987,New York,New York John F. Kennedy,JFK,United States,81665.0,190.0,988,True,2019-12-31,44.0
64012,Kuala Lumpur,Kuala Lumpur International,KUL,Malaysia,81665.0,615.0,898,False,2019-12-05,1.0
64012,Kuala Lumpur,Kuala Lumpur International,KUL,Malaysia,81665.0,652.0,898,False,2019-12-08,2.0
64012,Kuala Lumpur,Kuala Lumpur International,KUL,Malaysia,81665.0,615.0,898,False,2019-12-10,3.0
64012,Kuala Lumpur,Kuala Lumpur International,KUL,Malaysia,81665.0,753.0,1618,False,2019-12-13,4.0
64012,Kuala Lumpur,Kuala Lumpur International,KUL,Malaysia,81665.0,822.0,898,False,2019-12-24,5.0
51631,Rome,Rome Fiumicino,FCO,Italy,81665.0,435.0,851,False,2019-12-01,1.0
51631,Rome,Rome Fiumicino,FCO,Italy,81665.0,657.0,858,False,2019-12-07,2.0
51631,Rome,Rome Fiumicino,FCO,Italy,81665.0,685.0,981,False,2019-12-08,3.0
51631,Rome,Rome Fiumicino,FCO,Italy,81665.0,680.0,981,False,2019-12-09,4.0
51631,Rome,Rome Fiumicino,FCO,Italy,81665.0,828.0,858,False,2019-12-12,5.0
51631,Rome,Rome Fiumicino,FCO,Italy,81665.0,401.0,851,False,2019-12-14,6.0
51631,Rome,Rome Fiumicino,FCO,Italy,81665.0,415.0,851,False,2019-12-15,7.0
51631,Rome,Rome Fiumicino,FCO,Italy,81665.0,716.0,833,False,2019-12-16,8.0
51631,Rome,Rome Fiumicino,FCO,Italy,81665.0,554.0,851,False,2019-12-18,9.0
51631,Rome,Rome Fiumicino,FCO,Italy,81665.0,880.0,981,False,2019-12-19,10.0
51631,Rome,Rome Fiumicino,FCO,Italy,81665.0,856.0,851,False,2019-12-20,11.0
51631,Rome,Rome Fiumicino,FCO,Italy,81665.0,1038.0,1033,False,2019-12-21,12.0
51631,Rome,Rome Fiumicino,FCO,Italy,81665.0,1014.0,981,False,2019-12-22,13.0
51631,Rome,Rome Fiumicino,FCO,Italy,81665.0,456.0,1324,False,2019-12-25,14.0
51631,Rome,Rome Fiumicino,FCO,Italy,81665.0,925.0,1033,False,2019-12-26,15.0
51631,Rome,Rome Fiumicino,FCO,Italy,81665.0,657.0,1324,False,2019-12-28,16.0
70788,Tokyo,Tokyo Narita,NRT,Japan,81665.0,561.0,898,False,2019-12-01,1.0
70788,Tokyo,Tokyo Narita,NRT,Japan,81665.0,671.0,1276,True,2019-12-01,2.0
70788,Tokyo,Tokyo Narita,NRT,Japan,81665.0,626.0,1530,False,2019-12-02,3.0
70788,Tokyo,Tokyo Narita,NRT,Japan,81665.0,696.0,1464,True,2019-12-02,4.0
70788,Tokyo,Tokyo Narita,NRT,Japan,81665.0,465.0,851,False,2019-12-03,5.0
70788,Tokyo,Tokyo Narita,NRT,Japan,81665.0,636.0,1276,True,2019-12-03,6.0
70788,Tokyo,Tokyo Narita,NRT,Japan,81665.0,450.0,851,False,2019-12-04,7.0
70788,Tokyo,Tokyo Narita,NRT,Japan,81665.0,636.0,1276,True,2019-12-04,8.0
70788,Tokyo,Tokyo Narita,NRT,Japan,81665.0,662.0,898,False,2019-12-05,9.0
70788,Tokyo,Tokyo Narita,NRT,Japan,81665.0,673.0,952,False,2019-12-07,10.0
70788,Tokyo,Tokyo Narita,NRT,Japan,81665.0,864.0,833,True,2019-12-07,11.0
70788,Tokyo,Tokyo Narita,NRT,Japan,81665.0,690.0,1530,False,2019-12-09,12.0
70788,Tokyo,Tokyo Narita,NRT,Japan,81665.0,667.0,898,False,2019-12-10,13.0
70788,Tokyo,Tokyo Narita,NRT,Japan,81665.0,928.0,1464,True,2019-12-10,14.0
70788,Tokyo,Tokyo Narita,NRT,Japan,81665.0,721.0,1530,False,2019-12-11,15.0
70788,Tokyo,Tokyo Narita,NRT,Japan,81665.0,563.0,851,False,2019-12-12,16.0
70788,Tokyo,Tokyo Narita,NRT,Japan,81665.0,713.0,1276,True,2019-12-12,17.0
70788,Tokyo,Tokyo Narita,NRT,Japan,81665.0,613.0,851,False,2019-12-13,18.0
70788,Tokyo,Tokyo Narita,NRT,Japan,81665.0,808.0,1276,True,2019-12-13,19.0
70788,Tokyo,Tokyo Narita,NRT,Japan,81665.0,787.0,1482,False,2019-12-14,20.0
70788,Tokyo,Tokyo Narita,NRT,Japan,81665.0,896.0,1276,True,2019-12-14,21.0
70788,Tokyo,Tokyo Narita,NRT,Japan,81665.0,1065.0,898,False,2019-12-15,22.0
70788,Tokyo,Tokyo Narita,NRT,Japan,81665.0,601.0,851,False,2019-12-16,23.0
70788,Tokyo,Tokyo Narita,NRT,Japan,81665.0,771.0,1276,True,2019-12-16,24.0
70788,Tokyo,Tokyo Narita,NRT,Japan,81665.0,606.0,851,False,2019-12-17,25.0
70788,Tokyo,Tokyo Narita,NRT,Japan,81665.0,772.0,1276,True,2019-12-17,26.0
70788,Tokyo,Tokyo Narita,NRT,Japan,81665.0,764.0,1317,False,2019-12-18,27.0
70788,Tokyo,Tokyo Narita,NRT,Japan,81665.0,790.0,1276,True,2019-12-18,28.0
70788,Tokyo,Tokyo Narita,NRT,Japan,81665.0,802.0,898,False,2019-12-19,29.0
70788,Tokyo,Tokyo Narita,NRT,Japan,81665.0,941.0,1276,True,2019-12-19,30.0
70788,Tokyo,Tokyo Narita,NRT,Japan,81665.0,858.0,1317,False,2019-12-20,31.0
70788,Tokyo,Tokyo Narita,NRT,Japan,81665.0,899.0,1276,True,2019-12-20,32.0
70788,Tokyo,Tokyo Narita,NRT,Japan,81665.0,852.0,1317,False,2019-12-21,33.0
70788,Tokyo,Tokyo Narita,NRT,Japan,81665.0,899.0,1276,True,2019-12-21,34.0
70788,Tokyo,Tokyo Narita,NRT,Japan,81665.0,694.0,988,False,2019-12-22,35.0
70788,Tokyo,Tokyo Narita,NRT,Japan,81665.0,1116.0,988,True,2019-12-22,36.0
70788,Tokyo,Tokyo Narita,NRT,Japan,81665.0,640.0,1276,True,2019-12-23,37.0
70788,Tokyo,Tokyo Narita,NRT,Japan,81665.0,693.0,1317,False,2019-12-24,38.0
70788,Tokyo,Tokyo Narita,NRT,Japan,81665.0,695.0,988,True,2019-12-24,39.0
70788,Tokyo,Tokyo Narita,NRT,Japan,81665.0,531.0,851,False,2019-12-25,40.0
70788,Tokyo,Tokyo Narita,NRT,Japan,81665.0,582.0,1276,True,2019-12-25,41.0
70788,Tokyo,Tokyo Narita,NRT,Japan,81665.0,546.0,1324,False,2019-12-26,42.0
70788,Tokyo,Tokyo Narita,NRT,Japan,81665.0,582.0,1276,True,2019-12-26,43.0
70788,Tokyo,Tokyo Narita,NRT,Japan,81665.0,676.0,1276,True,2019-12-27,44.0
70788,Tokyo,Tokyo Narita,NRT,Japan,81665.0,722.0,1530,False,2019-12-28,45.0
70788,Tokyo,Tokyo Narita,NRT,Japan,81665.0,734.0,988,True,2019-12-28,46.0
70788,Tokyo,Tokyo Narita,NRT,Japan,81665.0,620.0,851,False,2019-12-29,47.0
70788,Tokyo,Tokyo Narita,NRT,Japan,81665.0,671.0,1276,True,2019-12-29,48.0
70788,Tokyo,Tokyo Narita,NRT,Japan,81665.0,629.0,1317,False,2019-12-30,49.0
70788,Tokyo,Tokyo Narita,NRT,Japan,81665.0,634.0,833,True,2019-12-30,50.0
70788,Tokyo,Tokyo Narita,NRT,Japan,81665.0,628.0,1317,False,2019-12-31,51.0
70788,Tokyo,Tokyo Narita,NRT,Japan,81665.0,634.0,988,True,2019-12-31,52.0
84501,Taipei,Taipei Taiwan Taoyuan,TPE,Taiwan,81665.0,346.0,851,False,2019-12-01,1.0
84501,Taipei,Taipei Taiwan Taoyuan,TPE,Taiwan,81665.0,618.0,898,True,2019-12-01,2.0
84501,Taipei,Taipei Taiwan Taoyuan,TPE,Taiwan,81665.0,519.0,851,False,2019-12-02,3.0
84501,Taipei,Taipei Taiwan Taoyuan,TPE,Taiwan,81665.0,646.0,898,True,2019-12-02,4.0
84501,Taipei,Taipei Taiwan Taoyuan,TPE,Taiwan,81665.0,332.0,851,False,2019-12-03,5.0
84501,Taipei,Taipei Taiwan Taoyuan,TPE,Taiwan,81665.0,585.0,898,True,2019-12-03,6.0
84501,Taipei,Taipei Taiwan Taoyuan,TPE,Taiwan,81665.0,860.0,851,False,2019-12-06,7.0
84501,Taipei,Taipei Taiwan Taoyuan,TPE,Taiwan,81665.0,665.0,952,False,2019-12-07,8.0
84501,Taipei,Taipei Taiwan Taoyuan,TPE,Taiwan,81665.0,683.0,898,True,2019-12-07,9.0
84501,Taipei,Taipei Taiwan Taoyuan,TPE,Taiwan,81665.0,1462.0,851,False,2019-12-09,10.0
84501,Taipei,Taipei Taiwan Taoyuan,TPE,Taiwan,81665.0,439.0,851,False,2019-12-10,11.0
84501,Taipei,Taipei Taiwan Taoyuan,TPE,Taiwan,81665.0,650.0,898,True,2019-12-10,12.0
84501,Taipei,Taipei Taiwan Taoyuan,TPE,Taiwan,81665.0,616.0,851,False,2019-12-11,13.0
84501,Taipei,Taipei Taiwan Taoyuan,TPE,Taiwan,81665.0,590.0,851,False,2019-12-12,14.0
84501,Taipei,Taipei Taiwan Taoyuan,TPE,Taiwan,81665.0,754.0,898,True,2019-12-12,15.0
84501,Taipei,Taipei Taiwan Taoyuan,TPE,Taiwan,81665.0,726.0,851,False,2019-12-13,16.0
84501,Taipei,Taipei Taiwan Taoyuan,TPE,Taiwan,81665.0,856.0,898,True,2019-12-13,17.0
84501,Taipei,Taipei Taiwan Taoyuan,TPE,Taiwan,81665.0,726.0,851,False,2019-12-14,18.0
84501,Taipei,Taipei Taiwan Taoyuan,TPE,Taiwan,81665.0,855.0,898,True,2019-12-14,19.0
84501,Taipei,Taipei Taiwan Taoyuan,TPE,Taiwan,81665.0,726.0,851,False,2019-12-15,20.0
84501,Taipei,Taipei Taiwan Taoyuan,TPE,Taiwan,81665.0,1010.0,898,True,2019-12-15,21.0
84501,Taipei,Taipei Taiwan Taoyuan,TPE,Taiwan,81665.0,548.0,835,False,2019-12-16,22.0
84501,Taipei,Taipei Taiwan Taoyuan,TPE,Taiwan,81665.0,749.0,898,True,2019-12-16,23.0
84501,Taipei,Taipei Taiwan Taoyuan,TPE,Taiwan,81665.0,784.0,898,True,2019-12-19,24.0
84501,Taipei,Taipei Taiwan Taoyuan,TPE,Taiwan,81665.0,788.0,835,False,2019-12-20,25.0
84501,Taipei,Taipei Taiwan Taoyuan,TPE,Taiwan,81665.0,938.0,898,True,2019-12-20,26.0
84501,Taipei,Taipei Taiwan Taoyuan,TPE,Taiwan,81665.0,793.0,1530,False,2019-12-21,27.0
84501,Taipei,Taipei Taiwan Taoyuan,TPE,Taiwan,81665.0,939.0,898,True,2019-12-21,28.0
84501,Taipei,Taipei Taiwan Taoyuan,TPE,Taiwan,81665.0,1009.0,898,True,2019-12-22,29.0
84501,Taipei,Taipei Taiwan Taoyuan,TPE,Taiwan,81665.0,653.0,835,False,2019-12-23,30.0
84501,Taipei,Taipei Taiwan Taoyuan,TPE,Taiwan,81665.0,814.0,898,True,2019-12-23,31.0
84501,Taipei,Taipei Taiwan Taoyuan,TPE,Taiwan,81665.0,756.0,835,False,2019-12-24,32.0
84501,Taipei,Taipei Taiwan Taoyuan,TPE,Taiwan,81665.0,945.0,898,True,2019-12-24,33.0
84501,Taipei,Taipei Taiwan Taoyuan,TPE,Taiwan,81665.0,475.0,835,False,2019-12-26,34.0
84501,Taipei,Taipei Taiwan Taoyuan,TPE,Taiwan,81665.0,617.0,898,True,2019-12-26,35.0
84501,Taipei,Taipei Taiwan Taoyuan,TPE,Taiwan,81665.0,561.0,835,False,2019-12-27,36.0
84501,Taipei,Taipei Taiwan Taoyuan,TPE,Taiwan,81665.0,831.0,898,True,2019-12-27,37.0
84501,Taipei,Taipei Taiwan Taoyuan,TPE,Taiwan,81665.0,605.0,851,False,2019-12-28,38.0
84501,Taipei,Taipei Taiwan Taoyuan,TPE,Taiwan,81665.0,723.0,898,True,2019-12-28,39.0
84501,Taipei,Taipei Taiwan Taoyuan,TPE,Taiwan,81665.0,525.0,835,False,2019-12-29,40.0
84501,Taipei,Taipei Taiwan Taoyuan,TPE,Taiwan,81665.0,724.0,898,True,2019-12-29,41.0
84501,Taipei,Taipei Taiwan Taoyuan,TPE,Taiwan,81665.0,523.0,835,False,2019-12-30,42.0
84501,Taipei,Taipei Taiwan Taoyuan,TPE,Taiwan,81665.0,686.0,898,True,2019-12-30,43.0
84501,Taipei,Taipei Taiwan Taoyuan,TPE,Taiwan,81665.0,537.0,851,False,2019-12-31,44.0
84501,Taipei,Taipei Taiwan Taoyuan,TPE,Taiwan,81665.0,686.0,898,True,2019-12-31,45.0
59316,Istanbul,Istanbul,IST,Turkey,81665.0,2838.0,1324,False,2019-12-03,1.0
59316,Istanbul,Istanbul,IST,Turkey,81665.0,2838.0,1324,False,2019-12-07,2.0
59316,Istanbul,Istanbul,IST,Turkey,81665.0,416.0,851,False,2019-12-08,3.0
59316,Istanbul,Istanbul,IST,Turkey,81665.0,2838.0,1324,False,2019-12-09,4.0
59316,Istanbul,Istanbul,IST,Turkey,81665.0,2838.0,1324,False,2019-12-10,5.0
59316,Istanbul,Istanbul,IST,Turkey,81665.0,2838.0,1324,False,2019-12-11,6.0
59316,Istanbul,Istanbul,IST,Turkey,81665.0,564.0,851,False,2019-12-13,7.0
59316,Istanbul,Istanbul,IST,Turkey,81665.0,2856.0,1324,False,2019-12-14,8.0
59316,Istanbul,Istanbul,IST,Turkey,81665.0,2837.0,1324,False,2019-12-15,9.0
59316,Istanbul,Istanbul,IST,Turkey,81665.0,2856.0,1324,False,2019-12-16,10.0
59316,Istanbul,Istanbul,IST,Turkey,81665.0,2838.0,1324,False,2019-12-17,11.0
59316,Istanbul,Istanbul,IST,Turkey,81665.0,2887.0,1324,False,2019-12-18,12.0
59316,Istanbul,Istanbul,IST,Turkey,81665.0,1327.0,1755,False,2019-12-19,13.0
59316,Istanbul,Istanbul,IST,Turkey,81665.0,733.0,851,False,2019-12-20,14.0
59316,Istanbul,Istanbul,IST,Turkey,81665.0,963.0,870,False,2019-12-21,15.0
59316,Istanbul,Istanbul,IST,Turkey,81665.0,2906.0,1368,False,2019-12-22,16.0
59316,Istanbul,Istanbul,IST,Turkey,81665.0,2855.0,1324,False,2019-12-23,17.0
59316,Istanbul,Istanbul,IST,Turkey,81665.0,2856.0,1324,False,2019-12-24,18.0
59316,Istanbul,Istanbul,IST,Turkey,81665.0,2855.0,1324,False,2019-12-25,19.0
59316,Istanbul,Istanbul,IST,Turkey,81665.0,2855.0,1324,False,2019-12-26,20.0
59316,Istanbul,Istanbul,IST,Turkey,81665.0,2855.0,1324,False,2019-12-27,21.0
59316,Istanbul,Istanbul,IST,Turkey,81665.0,2855.0,1324,False,2019-12-28,22.0
59316,Istanbul,Istanbul,IST,Turkey,81665.0,2855.0,1324,False,2019-12-29,23.0
59316,Istanbul,Istanbul,IST,Turkey,81665.0,2855.0,1324,False,2019-12-30,24.0
59316,Istanbul,Istanbul,IST,Turkey,81665.0,2855.0,1324,False,2019-12-31,25.0
58542,Seoul,Seoul Incheon Int'l,ICN,South Korea,81665.0,546.0,851,False,2019-12-01,1.0
58542,Seoul,Seoul Incheon Int'l,ICN,South Korea,81665.0,610.0,1317,True,2019-12-01,2.0
58542,Seoul,Seoul Incheon Int'l,ICN,South Korea,81665.0,532.0,898,False,2019-12-02,3.0
58542,Seoul,Seoul Incheon Int'l,ICN,South Korea,81665.0,603.0,1530,True,2019-12-02,4.0
58542,Seoul,Seoul Incheon Int'l,ICN,South Korea,81665.0,532.0,898,False,2019-12-03,5.0
58542,Seoul,Seoul Incheon Int'l,ICN,South Korea,81665.0,603.0,1530,True,2019-12-03,6.0
58542,Seoul,Seoul Incheon Int'l,ICN,South Korea,81665.0,532.0,898,False,2019-12-04,7.0
58542,Seoul,Seoul Incheon Int'l,ICN,South Korea,81665.0,603.0,1530,True,2019-12-04,8.0
58542,Seoul,Seoul Incheon Int'l,ICN,South Korea,81665.0,870.0,833,False,2019-12-05,9.0
58542,Seoul,Seoul Incheon Int'l,ICN,South Korea,81665.0,561.0,898,False,2019-12-06,10.0
58542,Seoul,Seoul Incheon Int'l,ICN,South Korea,81665.0,603.0,1530,True,2019-12-06,11.0
58542,Seoul,Seoul Incheon Int'l,ICN,South Korea,81665.0,667.0,1530,True,2019-12-07,12.0
58542,Seoul,Seoul Incheon Int'l,ICN,South Korea,81665.0,559.0,851,False,2019-12-08,13.0
58542,Seoul,Seoul Incheon Int'l,ICN,South Korea,81665.0,663.0,1317,True,2019-12-08,14.0
58542,Seoul,Seoul Incheon Int'l,ICN,South Korea,81665.0,666.0,898,False,2019-12-09,15.0
58542,Seoul,Seoul Incheon Int'l,ICN,South Korea,81665.0,667.0,1530,True,2019-12-09,16.0
58542,Seoul,Seoul Incheon Int'l,ICN,South Korea,81665.0,665.0,898,False,2019-12-10,17.0
58542,Seoul,Seoul Incheon Int'l,ICN,South Korea,81665.0,666.0,1530,True,2019-12-10,18.0
58542,Seoul,Seoul Incheon Int'l,ICN,South Korea,81665.0,666.0,1530,True,2019-12-11,19.0
58542,Seoul,Seoul Incheon Int'l,ICN,South Korea,81665.0,673.0,1317,False,2019-12-12,20.0
58542,Seoul,Seoul Incheon Int'l,ICN,South Korea,81665.0,722.0,988,True,2019-12-12,21.0
58542,Seoul,Seoul Incheon Int'l,ICN,South Korea,81665.0,666.0,1530,True,2019-12-13,22.0
58542,Seoul,Seoul Incheon Int'l,ICN,South Korea,81665.0,884.0,1530,True,2019-12-14,23.0
58542,Seoul,Seoul Incheon Int'l,ICN,South Korea,81665.0,941.0,1317,True,2019-12-15,24.0
58542,Seoul,Seoul Incheon Int'l,ICN,South Korea,81665.0,803.0,898,False,2019-12-16,25.0
58542,Seoul,Seoul Incheon Int'l,ICN,South Korea,81665.0,859.0,1530,True,2019-12-16,26.0
58542,Seoul,Seoul Incheon Int'l,ICN,South Korea,81665.0,808.0,898,False,2019-12-17,27.0
58542,Seoul,Seoul Incheon Int'l,ICN,South Korea,81665.0,865.0,1530,True,2019-12-17,28.0
58542,Seoul,Seoul Incheon Int'l,ICN,South Korea,81665.0,884.0,1530,True,2019-12-18,29.0
58542,Seoul,Seoul Incheon Int'l,ICN,South Korea,81665.0,802.0,898,False,2019-12-19,30.0
58542,Seoul,Seoul Incheon Int'l,ICN,South Korea,81665.0,1020.0,988,True,2019-12-19,31.0
58542,Seoul,Seoul Incheon Int'l,ICN,South Korea,81665.0,880.0,1530,True,2019-12-20,32.0
58542,Seoul,Seoul Incheon Int'l,ICN,South Korea,81665.0,878.0,1530,True,2019-12-21,33.0
58542,Seoul,Seoul Incheon Int'l,ICN,South Korea,81665.0,1085.0,833,False,2019-12-24,34.0
58542,Seoul,Seoul Incheon Int'l,ICN,South Korea,81665.0,1085.0,833,False,2019-12-25,35.0
58542,Seoul,Seoul Incheon Int'l,ICN,South Korea,81665.0,587.0,1429,False,2019-12-28,36.0
58542,Seoul,Seoul Incheon Int'l,ICN,South Korea,81665.0,655.0,1530,True,2019-12-28,37.0
58542,Seoul,Seoul Incheon Int'l,ICN,South Korea,81665.0,587.0,1429,False,2019-12-29,38.0
58542,Seoul,Seoul Incheon Int'l,ICN,South Korea,81665.0,663.0,1317,True,2019-12-29,39.0
58542,Seoul,Seoul Incheon Int'l,ICN,South Korea,81665.0,655.0,1530,True,2019-12-30,40.0
58542,Seoul,Seoul Incheon Int'l,ICN,South Korea,81665.0,625.0,1317,False,2019-12-31,41.0
58542,Seoul,Seoul Incheon Int'l,ICN,South Korea,81665.0,655.0,1530,True,2019-12-31,42.0
75575,Shanghai,Shanghai Pu Dong,PVG,China,81665.0,441.0,1793,False,2019-12-01,1.0
75575,Shanghai,Shanghai Pu Dong,PVG,China,81665.0,470.0,988,True,2019-12-01,2.0
75575,Shanghai,Shanghai Pu Dong,PVG,China,81665.0,420.0,988,True,2019-12-02,3.0
75575,Shanghai,Shanghai Pu Dong,PVG,China,81665.0,409.0,1793,False,2019-12-03,4.0
75575,Shanghai,Shanghai Pu Dong,PVG,China,81665.0,473.0,988,True,2019-12-03,5.0
75575,Shanghai,Shanghai Pu Dong,PVG,China,81665.0,420.0,988,True,2019-12-04,6.0
75575,Shanghai,Shanghai Pu Dong,PVG,China,81665.0,409.0,1793,False,2019-12-05,7.0
75575,Shanghai,Shanghai Pu Dong,PVG,China,81665.0,473.0,988,True,2019-12-05,8.0
75575,Shanghai,Shanghai Pu Dong,PVG,China,81665.0,533.0,988,True,2019-12-06,9.0
75575,Shanghai,Shanghai Pu Dong,PVG,China,81665.0,642.0,988,False,2019-12-07,10.0
75575,Shanghai,Shanghai Pu Dong,PVG,China,81665.0,803.0,988,True,2019-12-07,11.0
75575,Shanghai,Shanghai Pu Dong,PVG,China,81665.0,439.0,929,False,2019-12-08,12.0
75575,Shanghai,Shanghai Pu Dong,PVG,China,81665.0,423.0,988,True,2019-12-09,13.0
75575,Shanghai,Shanghai Pu Dong,PVG,China,81665.0,473.0,988,True,2019-12-10,14.0
75575,Shanghai,Shanghai Pu Dong,PVG,China,81665.0,563.0,988,True,2019-12-11,15.0
75575,Shanghai,Shanghai Pu Dong,PVG,China,81665.0,827.0,988,True,2019-12-12,16.0
75575,Shanghai,Shanghai Pu Dong,PVG,China,81665.0,1002.0,988,True,2019-12-13,17.0
75575,Shanghai,Shanghai Pu Dong,PVG,China,81665.0,1481.0,988,True,2019-12-14,18.0
75575,Shanghai,Shanghai Pu Dong,PVG,China,81665.0,1047.0,988,True,2019-12-15,19.0
75575,Shanghai,Shanghai Pu Dong,PVG,China,81665.0,858.0,1793,False,2019-12-16,20.0
75575,Shanghai,Shanghai Pu Dong,PVG,China,81665.0,999.0,988,True,2019-12-16,21.0
75575,Shanghai,Shanghai Pu Dong,PVG,China,81665.0,932.0,988,True,2019-12-17,22.0
75575,Shanghai,Shanghai Pu Dong,PVG,China,81665.0,846.0,1793,False,2019-12-18,23.0
75575,Shanghai,Shanghai Pu Dong,PVG,China,81665.0,877.0,988,True,2019-12-18,24.0
75575,Shanghai,Shanghai Pu Dong,PVG,China,81665.0,873.0,1793,False,2019-12-19,25.0
75575,Shanghai,Shanghai Pu Dong,PVG,China,81665.0,999.0,988,True,2019-12-19,26.0
75575,Shanghai,Shanghai Pu Dong,PVG,China,81665.0,882.0,988,True,2019-12-20,27.0
75575,Shanghai,Shanghai Pu Dong,PVG,China,81665.0,1016.0,952,False,2019-12-21,28.0
75575,Shanghai,Shanghai Pu Dong,PVG,China,81665.0,1047.0,988,True,2019-12-21,29.0
75575,Shanghai,Shanghai Pu Dong,PVG,China,81665.0,908.0,1793,False,2019-12-22,30.0
75575,Shanghai,Shanghai Pu Dong,PVG,China,81665.0,933.0,988,True,2019-12-22,31.0
75575,Shanghai,Shanghai Pu Dong,PVG,China,81665.0,936.0,952,False,2019-12-23,32.0
75575,Shanghai,Shanghai Pu Dong,PVG,China,81665.0,802.0,988,True,2019-12-24,33.0
75575,Shanghai,Shanghai Pu Dong,PVG,China,81665.0,563.0,988,True,2019-12-25,34.0
75575,Shanghai,Shanghai Pu Dong,PVG,China,81665.0,409.0,1793,False,2019-12-26,35.0
75575,Shanghai,Shanghai Pu Dong,PVG,China,81665.0,470.0,988,True,2019-12-26,36.0
75575,Shanghai,Shanghai Pu Dong,PVG,China,81665.0,423.0,988,True,2019-12-27,37.0
75575,Shanghai,Shanghai Pu Dong,PVG,China,81665.0,470.0,988,True,2019-12-28,38.0
75575,Shanghai,Shanghai Pu Dong,PVG,China,81665.0,466.0,988,False,2019-12-29,39.0
75575,Shanghai,Shanghai Pu Dong,PVG,China,81665.0,473.0,988,True,2019-12-29,40.0
75575,Shanghai,Shanghai Pu Dong,PVG,China,81665.0,423.0,988,True,2019-12-30,41.0
75575,Shanghai,Shanghai Pu Dong,PVG,China,81665.0,473.0,988,True,2019-12-31,42.0
65363,Las Vegas,Las Vegas Mccarran,LAS,United States,81665.0,169.0,1065,True,2019-12-01,1.0
65363,Las Vegas,Las Vegas Mccarran,LAS,United States,81665.0,139.0,1065,True,2019-12-02,2.0
65363,Las Vegas,Las Vegas Mccarran,LAS,United States,81665.0,59.0,988,True,2019-12-03,3.0
65363,Las Vegas,Las Vegas Mccarran,LAS,United States,81665.0,45.0,1467,True,2019-12-04,4.0
65363,Las Vegas,Las Vegas Mccarran,LAS,United States,81665.0,96.0,1467,True,2019-12-05,5.0
65363,Las Vegas,Las Vegas Mccarran,LAS,United States,81665.0,97.0,1467,True,2019-12-06,6.0
65363,Las Vegas,Las Vegas Mccarran,LAS,United States,81665.0,56.0,851,True,2019-12-07,7.0
65363,Las Vegas,Las Vegas Mccarran,LAS,United States,81665.0,56.0,1065,True,2019-12-08,8.0
65363,Las Vegas,Las Vegas Mccarran,LAS,United States,81665.0,38.0,1065,True,2019-12-09,9.0
65363,Las Vegas,Las Vegas Mccarran,LAS,United States,81665.0,45.0,1467,True,2019-12-10,10.0
65363,Las Vegas,Las Vegas Mccarran,LAS,United States,81665.0,45.0,1467,True,2019-12-11,11.0
65363,Las Vegas,Las Vegas Mccarran,LAS,United States,81665.0,97.0,1467,True,2019-12-12,12.0
65363,Las Vegas,Las Vegas Mccarran,LAS,United States,81665.0,74.0,988,True,2019-12-13,13.0
65363,Las Vegas,Las Vegas Mccarran,LAS,United States,81665.0,59.0,988,True,2019-12-14,14.0
65363,Las Vegas,Las Vegas Mccarran,LAS,United States,81665.0,122.0,1467,True,2019-12-15,15.0
65363,Las Vegas,Las Vegas Mccarran,LAS,United States,81665.0,43.0,1065,True,2019-12-16,16.0
65363,Las Vegas,Las Vegas Mccarran,LAS,United States,81665.0,45.0,1467,True,2019-12-17,17.0
65363,Las Vegas,Las Vegas Mccarran,LAS,United States,81665.0,59.0,988,True,2019-12-18,18.0
65363,Las Vegas,Las Vegas Mccarran,LAS,United States,81665.0,138.0,1065,True,2019-12-19,19.0
65363,Las Vegas,Las Vegas Mccarran,LAS,United States,81665.0,139.0,1065,True,2019-12-20,20.0
65363,Las Vegas,Las Vegas Mccarran,LAS,United States,81665.0,165.0,851,True,2019-12-21,21.0
65363,Las Vegas,Las Vegas Mccarran,LAS,United States,81665.0,138.0,1065,True,2019-12-22,22.0
65363,Las Vegas,Las Vegas Mccarran,LAS,United States,81665.0,139.0,1065,True,2019-12-23,23.0
65363,Las Vegas,Las Vegas Mccarran,LAS,United States,81665.0,89.0,988,True,2019-12-24,24.0
65363,Las Vegas,Las Vegas Mccarran,LAS,United States,81665.0,89.0,988,True,2019-12-25,25.0
65363,Las Vegas,Las Vegas Mccarran,LAS,United States,81665.0,149.0,988,True,2019-12-26,26.0
65363,Las Vegas,Las Vegas Mccarran,LAS,United States,81665.0,144.0,1065,True,2019-12-27,27.0
65363,Las Vegas,Las Vegas Mccarran,LAS,United States,81665.0,124.0,851,True,2019-12-28,28.0
65363,Las Vegas,Las Vegas Mccarran,LAS,United States,81665.0,124.0,851,True,2019-12-29,29.0
65363,Las Vegas,Las Vegas Mccarran,LAS,United States,81665.0,93.0,988,True,2019-12-30,30.0
65363,Las Vegas,Las Vegas Mccarran,LAS,United States,81665.0,315.0,1467,True,2019-12-31,31.0
68768,Milan,Milan Malpensa,MXP,Italy,81665.0,594.0,1793,False,2019-12-01,1.0
68768,Milan,Milan Malpensa,MXP,Italy,81665.0,593.0,833,False,2019-12-08,2.0
68768,Milan,Milan Malpensa,MXP,Italy,81665.0,332.0,851,False,2019-12-10,3.0
68768,Milan,Milan Malpensa,MXP,Italy,81665.0,317.0,851,False,2019-12-11,4.0
68768,Milan,Milan Malpensa,MXP,Italy,81665.0,730.0,858,False,2019-12-12,5.0
68768,Milan,Milan Malpensa,MXP,Italy,81665.0,838.0,1793,False,2019-12-13,6.0
68768,Milan,Milan Malpensa,MXP,Italy,81665.0,409.0,851,False,2019-12-15,7.0
68768,Milan,Milan Malpensa,MXP,Italy,81665.0,591.0,981,False,2019-12-17,8.0
68768,Milan,Milan Malpensa,MXP,Italy,81665.0,947.0,981,False,2019-12-18,9.0
68768,Milan,Milan Malpensa,MXP,Italy,81665.0,791.0,1368,False,2019-12-21,10.0
68768,Milan,Milan Malpensa,MXP,Italy,81665.0,652.0,1793,False,2019-12-22,11.0
68768,Milan,Milan Malpensa,MXP,Italy,81665.0,473.0,870,False,2019-12-25,12.0
68768,Milan,Milan Malpensa,MXP,Italy,81665.0,546.0,851,False,2019-12-26,13.0
68768,Milan,Milan Malpensa,MXP,Italy,81665.0,601.0,1793,False,2019-12-27,14.0
68768,Milan,Milan Malpensa,MXP,Italy,81665.0,590.0,1793,False,2019-12-28,15.0
68768,Milan,Milan Malpensa,MXP,Italy,81665.0,590.0,1793,False,2019-12-29,16.0
68768,Milan,Milan Malpensa,MXP,Italy,81665.0,590.0,1793,False,2019-12-30,17.0
65368,Los Angeles,Los Angeles International,LAX,United States,81665.0,298.0,988,True,2019-12-01,1.0
65368,Los Angeles,Los Angeles International,LAX,United States,81665.0,136.0,851,True,2019-12-02,2.0
65368,Los Angeles,Los Angeles International,LAX,United States,81665.0,68.0,833,True,2019-12-03,3.0
65368,Los Angeles,Los Angeles International,LAX,United States,81665.0,67.0,851,True,2019-12-04,4.0
65368,Los Angeles,Los Angeles International,LAX,United States,81665.0,77.0,851,True,2019-12-05,5.0
65368,Los Angeles,Los Angeles International,LAX,United States,81665.0,77.0,1467,False,2019-12-06,6.0
65368,Los Angeles,Los Angeles International,LAX,United States,81665.0,79.0,988,True,2019-12-06,7.0
65368,Los Angeles,Los Angeles International,LAX,United States,81665.0,69.0,1793,True,2019-12-07,8.0
65368,Los Angeles,Los Angeles International,LAX,United States,81665.0,78.0,833,True,2019-12-09,9.0
65368,Los Angeles,Los Angeles International,LAX,United States,81665.0,66.0,851,True,2019-12-10,10.0
65368,Los Angeles,Los Angeles International,LAX,United States,81665.0,69.0,988,True,2019-12-11,11.0
65368,Los Angeles,Los Angeles International,LAX,United States,81665.0,77.0,1467,False,2019-12-12,12.0
65368,Los Angeles,Los Angeles International,LAX,United States,81665.0,79.0,988,True,2019-12-12,13.0
65368,Los Angeles,Los Angeles International,LAX,United States,81665.0,79.0,1467,False,2019-12-13,14.0
65368,Los Angeles,Los Angeles International,LAX,United States,81665.0,97.0,851,True,2019-12-13,15.0
65368,Los Angeles,Los Angeles International,LAX,United States,81665.0,67.0,851,True,2019-12-14,16.0
65368,Los Angeles,Los Angeles International,LAX,United States,81665.0,77.0,851,True,2019-12-15,17.0
65368,Los Angeles,Los Angeles International,LAX,United States,81665.0,76.0,851,True,2019-12-16,18.0
65368,Los Angeles,Los Angeles International,LAX,United States,81665.0,69.0,988,True,2019-12-17,19.0
65368,Los Angeles,Los Angeles International,LAX,United States,81665.0,69.0,988,True,2019-12-18,20.0
65368,Los Angeles,Los Angeles International,LAX,United States,81665.0,99.0,988,True,2019-12-19,21.0
65368,Los Angeles,Los Angeles International,LAX,United States,81665.0,186.0,988,True,2019-12-20,22.0
65368,Los Angeles,Los Angeles International,LAX,United States,81665.0,209.0,1793,True,2019-12-21,23.0
65368,Los Angeles,Los Angeles International,LAX,United States,81665.0,177.0,851,True,2019-12-22,24.0
65368,Los Angeles,Los Angeles International,LAX,United States,81665.0,156.0,851,True,2019-12-23,25.0
65368,Los Angeles,Los Angeles International,LAX,United States,81665.0,117.0,851,True,2019-12-24,26.0
65368,Los Angeles,Los Angeles International,LAX,United States,81665.0,77.0,1793,False,2019-12-25,27.0
65368,Los Angeles,Los Angeles International,LAX,United States,81665.0,94.0,988,True,2019-12-25,28.0
65368,Los Angeles,Los Angeles International,LAX,United States,81665.0,109.0,988,True,2019-12-26,29.0
65368,Los Angeles,Los Angeles International,LAX,United States,81665.0,176.0,988,True,2019-12-27,30.0
65368,Los Angeles,Los Angeles International,LAX,United States,81665.0,155.0,851,True,2019-12-28,31.0
65368,Los Angeles,Los Angeles International,LAX,United States,81665.0,156.0,851,True,2019-12-29,32.0
65368,Los Angeles,Los Angeles International,LAX,United States,81665.0,149.0,851,False,2019-12-30,33.0
65368,Los Angeles,Los Angeles International,LAX,United States,81665.0,157.0,851,True,2019-12-30,34.0
65368,Los Angeles,Los Angeles International,LAX,United States,81665.0,77.0,1793,False,2019-12-31,35.0
65368,Los Angeles,Los Angeles International,LAX,United States,81665.0,79.0,988,True,2019-12-31,36.0
63448,Osaka,Osaka Kansai International,KIX,Japan,81665.0,704.0,988,False,2019-12-04,1.0
63448,Osaka,Osaka Kansai International,KIX,Japan,81665.0,632.0,898,False,2019-12-10,2.0
63448,Osaka,Osaka Kansai International,KIX,Japan,81665.0,689.0,1530,False,2019-12-11,3.0
63448,Osaka,Osaka Kansai International,KIX,Japan,81665.0,839.0,988,False,2019-12-16,4.0
63448,Osaka,Osaka Kansai International,KIX,Japan,81665.0,769.0,1317,False,2019-12-18,5.0
63448,Osaka,Osaka Kansai International,KIX,Japan,81665.0,910.0,1317,False,2019-12-20,6.0
63448,Osaka,Osaka Kansai International,KIX,Japan,81665.0,847.0,1317,False,2019-12-21,7.0
63448,Osaka,Osaka Kansai International,KIX,Japan,81665.0,697.0,1793,False,2019-12-22,8.0
63448,Osaka,Osaka Kansai International,KIX,Japan,81665.0,643.0,988,False,2019-12-25,9.0
63448,Osaka,Osaka Kansai International,KIX,Japan,81665.0,644.0,1276,False,2019-12-26,10.0
63448,Osaka,Osaka Kansai International,KIX,Japan,81665.0,718.0,1530,False,2019-12-28,11.0
63448,Osaka,Osaka Kansai International,KIX,Japan,81665.0,583.0,1317,False,2019-12-30,12.0
63448,Osaka,Osaka Kansai International,KIX,Japan,81665.0,560.0,898,False,2019-12-31,13.0
84892,Berlin,Berlin Tegel,TXL,Germany,81665.0,774.0,1081,False,2019-12-03,1.0
84892,Berlin,Berlin Tegel,TXL,Germany,81665.0,626.0,981,False,2019-12-08,2.0
84892,Berlin,Berlin Tegel,TXL,Germany,81665.0,338.0,851,False,2019-12-10,3.0
84892,Berlin,Berlin Tegel,TXL,Germany,81665.0,823.0,1081,False,2019-12-12,4.0
84892,Berlin,Berlin Tegel,TXL,Germany,81665.0,412.0,851,False,2019-12-15,5.0
84892,Berlin,Berlin Tegel,TXL,Germany,81665.0,397.0,851,False,2019-12-16,6.0
84892,Berlin,Berlin Tegel,TXL,Germany,81665.0,435.0,851,False,2019-12-17,7.0
84892,Berlin,Berlin Tegel,TXL,Germany,81665.0,1033.0,1081,False,2019-12-20,8.0
84892,Berlin,Berlin Tegel,TXL,Germany,81665.0,729.0,1033,False,2019-12-21,9.0
84892,Berlin,Berlin Tegel,TXL,Germany,81665.0,536.0,981,False,2019-12-23,10.0
84892,Berlin,Berlin Tegel,TXL,Germany,81665.0,519.0,1713,False,2019-12-24,11.0
84892,Berlin,Berlin Tegel,TXL,Germany,81665.0,448.0,851,False,2019-12-25,12.0
84892,Berlin,Berlin Tegel,TXL,Germany,81665.0,530.0,851,False,2019-12-27,13.0
84892,Berlin,Berlin Tegel,TXL,Germany,81665.0,573.0,851,False,2019-12-28,14.0
84892,Berlin,Berlin Tegel,TXL,Germany,81665.0,691.0,981,False,2019-12-29,15.0
84892,Berlin,Berlin Tegel,TXL,Germany,81665.0,630.0,981,False,2019-12-30,16.0
84892,Berlin,Berlin Tegel,TXL,Germany,81665.0,576.0,981,False,2019-12-31,17.0
61362,Johannesburg,Johannesburg O.R. Tambo,JNB,South Africa,81665.0,697.0,1218,False,2019-12-01,1.0
61362,Johannesburg,Johannesburg O.R. Tambo,JNB,South Africa,81665.0,1131.0,952,False,2019-12-18,2.0
61362,Johannesburg,Johannesburg O.R. Tambo,JNB,South Africa,81665.0,1146.0,952,False,2019-12-20,3.0
61362,Johannesburg,Johannesburg O.R. Tambo,JNB,South Africa,81665.0,899.0,1044,False,2019-12-23,4.0
61362,Johannesburg,Johannesburg O.R. Tambo,JNB,South Africa,81665.0,697.0,1218,False,2019-12-01,1.0
61362,Johannesburg,Johannesburg O.R. Tambo,JNB,South Africa,81665.0,1131.0,952,False,2019-12-18,2.0
61362,Johannesburg,Johannesburg O.R. Tambo,JNB,South Africa,81665.0,1146.0,952,False,2019-12-20,3.0
61362,Johannesburg,Johannesburg O.R. Tambo,JNB,South Africa,81665.0,899.0,1044,False,2019-12-23,4.0
61362,Johannesburg,Johannesburg O.R. Tambo,JNB,South Africa,81665.0,697.0,1218,False,2019-12-01,1.0
61362,Johannesburg,Johannesburg O.R. Tambo,JNB,South Africa,81665.0,1131.0,952,False,2019-12-18,2.0
61362,Johannesburg,Johannesburg O.R. Tambo,JNB,South Africa,81665.0,1146.0,952,False,2019-12-20,3.0
61362,Johannesburg,Johannesburg O.R. Tambo,JNB,South Africa,81665.0,899.0,1044,False,2019-12-23,4.0
61362,Johannesburg,Johannesburg O.R. Tambo,JNB,South Africa,81665.0,697.0,1218,False,2019-12-01,1.0
61362,Johannesburg,Johannesburg O.R. Tambo,JNB,South Africa,81665.0,1131.0,952,False,2019-12-18,2.0
61362,Johannesburg,Johannesburg O.R. Tambo,JNB,South Africa,81665.0,1146.0,952,False,2019-12-20,3.0
61362,Johannesburg,Johannesburg O.R. Tambo,JNB,South Africa,81665.0,899.0,1044,False,2019-12-23,4.0
88485,Venice,Venice Marco Polo,VCE,Italy,81665.0,336.0,851,False,2019-12-08,1.0
88485,Venice,Venice Marco Polo,VCE,Italy,81665.0,409.0,851,False,2019-12-15,2.0
88485,Venice,Venice Marco Polo,VCE,Italy,81665.0,3499.0,1368,False,2019-12-20,3.0
88485,Venice,Venice Marco Polo,VCE,Italy,81665.0,966.0,870,False,2019-12-21,4.0
67759,Orlando,Orlando International,MCO,United States,81665.0,266.0,851,True,2019-12-01,1.0
67759,Orlando,Orlando International,MCO,United States,81665.0,305.0,1793,False,2019-12-02,2.0
67759,Orlando,Orlando International,MCO,United States,81665.0,171.0,1793,False,2019-12-03,3.0
67759,Orlando,Orlando International,MCO,United States,81665.0,115.0,1467,False,2019-12-04,4.0
67759,Orlando,Orlando International,MCO,United States,81665.0,191.0,851,True,2019-12-04,5.0
67759,Orlando,Orlando International,MCO,United States,81665.0,170.0,833,False,2019-12-05,6.0
67759,Orlando,Orlando International,MCO,United States,81665.0,193.0,1065,False,2019-12-06,7.0
67759,Orlando,Orlando International,MCO,United States,81665.0,239.0,988,True,2019-12-06,8.0
67759,Orlando,Orlando International,MCO,United States,81665.0,177.0,1902,False,2019-12-07,9.0
67759,Orlando,Orlando International,MCO,United States,81665.0,190.0,851,True,2019-12-07,10.0
67759,Orlando,Orlando International,MCO,United States,81665.0,160.0,1902,False,2019-12-08,11.0
67759,Orlando,Orlando International,MCO,United States,81665.0,190.0,851,True,2019-12-08,12.0
67759,Orlando,Orlando International,MCO,United States,81665.0,165.0,988,False,2019-12-09,13.0
67759,Orlando,Orlando International,MCO,United States,81665.0,143.0,1467,False,2019-12-10,14.0
67759,Orlando,Orlando International,MCO,United States,81665.0,221.0,851,True,2019-12-10,15.0
67759,Orlando,Orlando International,MCO,United States,81665.0,115.0,1467,False,2019-12-11,16.0
67759,Orlando,Orlando International,MCO,United States,81665.0,215.0,851,True,2019-12-11,17.0
67759,Orlando,Orlando International,MCO,United States,81665.0,199.0,833,False,2019-12-12,18.0
67759,Orlando,Orlando International,MCO,United States,81665.0,176.0,1065,False,2019-12-13,19.0
67759,Orlando,Orlando International,MCO,United States,81665.0,354.0,851,True,2019-12-13,20.0
67759,Orlando,Orlando International,MCO,United States,81665.0,192.0,988,True,2019-12-14,21.0
67759,Orlando,Orlando International,MCO,United States,81665.0,175.0,851,False,2019-12-15,22.0
67759,Orlando,Orlando International,MCO,United States,81665.0,266.0,851,True,2019-12-15,23.0
67759,Orlando,Orlando International,MCO,United States,81665.0,142.0,1065,False,2019-12-16,24.0
67759,Orlando,Orlando International,MCO,United States,81665.0,235.0,851,True,2019-12-16,25.0
67759,Orlando,Orlando International,MCO,United States,81665.0,142.0,1467,False,2019-12-17,26.0
67759,Orlando,Orlando International,MCO,United States,81665.0,354.0,851,True,2019-12-17,27.0
67759,Orlando,Orlando International,MCO,United States,81665.0,216.0,1467,False,2019-12-18,28.0
67759,Orlando,Orlando International,MCO,United States,81665.0,354.0,851,True,2019-12-18,29.0
67759,Orlando,Orlando International,MCO,United States,81665.0,333.0,833,False,2019-12-19,30.0
67759,Orlando,Orlando International,MCO,United States,81665.0,503.0,851,True,2019-12-19,31.0
67759,Orlando,Orlando International,MCO,United States,81665.0,363.0,1721,False,2019-12-20,32.0
67759,Orlando,Orlando International,MCO,United States,81665.0,548.0,988,True,2019-12-20,33.0
67759,Orlando,Orlando International,MCO,United States,81665.0,364.0,1721,False,2019-12-21,34.0
67759,Orlando,Orlando International,MCO,United States,81665.0,558.0,988,True,2019-12-21,35.0
67759,Orlando,Orlando International,MCO,United States,81665.0,354.0,851,True,2019-12-22,36.0
67759,Orlando,Orlando International,MCO,United States,81665.0,291.0,1721,False,2019-12-23,37.0
67759,Orlando,Orlando International,MCO,United States,81665.0,308.0,988,True,2019-12-23,38.0
67759,Orlando,Orlando International,MCO,United States,81665.0,246.0,833,False,2019-12-24,39.0
67759,Orlando,Orlando International,MCO,United States,81665.0,299.0,988,True,2019-12-24,40.0
67759,Orlando,Orlando International,MCO,United States,81665.0,202.0,988,False,2019-12-25,41.0
67759,Orlando,Orlando International,MCO,United States,81665.0,356.0,851,True,2019-12-25,42.0
67759,Orlando,Orlando International,MCO,United States,81665.0,267.0,988,True,2019-12-26,43.0
67759,Orlando,Orlando International,MCO,United States,81665.0,277.0,988,False,2019-12-27,44.0
67759,Orlando,Orlando International,MCO,United States,81665.0,329.0,988,True,2019-12-27,45.0
67759,Orlando,Orlando International,MCO,United States,81665.0,233.0,988,True,2019-12-28,46.0
67759,Orlando,Orlando International,MCO,United States,81665.0,241.0,988,False,2019-12-29,47.0
67759,Orlando,Orlando International,MCO,United States,81665.0,277.0,988,True,2019-12-29,48.0
67759,Orlando,Orlando International,MCO,United States,81665.0,201.0,833,False,2019-12-30,49.0
67759,Orlando,Orlando International,MCO,United States,81665.0,212.0,988,True,2019-12-30,50.0
67759,Orlando,Orlando International,MCO,United States,81665.0,256.0,1721,False,2019-12-31,51.0
52063,Florence,Florence,FLO,United States,81665.0,2870.0,851,False,2019-12-22,1.0
88879,Moscow,Moscow Vnukovo,VKO,Russia,81665.0,651.0,851,False,2019-12-08,1.0
88879,Moscow,Moscow Vnukovo,VKO,Russia,81665.0,548.0,851,False,2019-12-25,2.0
74763,Beijing,Beijing Capital,PEK,China,81665.0,439.0,1793,False,2019-12-01,1.0
74763,Beijing,Beijing Capital,PEK,China,81665.0,473.0,988,True,2019-12-01,2.0
74763,Beijing,Beijing Capital,PEK,China,81665.0,390.0,988,True,2019-12-03,3.0
74763,Beijing,Beijing Capital,PEK,China,81665.0,454.0,1189,False,2019-12-04,4.0
74763,Beijing,Beijing Capital,PEK,China,81665.0,815.0,954,True,2019-12-04,5.0
74763,Beijing,Beijing Capital,PEK,China,81665.0,477.0,1793,False,2019-12-07,6.0
74763,Beijing,Beijing Capital,PEK,China,81665.0,826.0,1189,True,2019-12-07,7.0
74763,Beijing,Beijing Capital,PEK,China,81665.0,470.0,988,True,2019-12-08,8.0
74763,Beijing,Beijing Capital,PEK,China,81665.0,425.0,833,False,2019-12-09,9.0
74763,Beijing,Beijing Capital,PEK,China,81665.0,423.0,988,True,2019-12-10,10.0
74763,Beijing,Beijing Capital,PEK,China,81665.0,425.0,833,False,2019-12-11,11.0
74763,Beijing,Beijing Capital,PEK,China,81665.0,777.0,988,True,2019-12-11,12.0
74763,Beijing,Beijing Capital,PEK,China,81665.0,750.0,1189,True,2019-12-12,13.0
74763,Beijing,Beijing Capital,PEK,China,81665.0,1719.0,988,True,2019-12-13,14.0
74763,Beijing,Beijing Capital,PEK,China,81665.0,903.0,1793,False,2019-12-15,15.0
74763,Beijing,Beijing Capital,PEK,China,81665.0,1701.0,1189,True,2019-12-15,16.0
74763,Beijing,Beijing Capital,PEK,China,81665.0,782.0,1793,False,2019-12-16,17.0
74763,Beijing,Beijing Capital,PEK,China,81665.0,1433.0,988,True,2019-12-16,18.0
74763,Beijing,Beijing Capital,PEK,China,81665.0,851.0,1793,False,2019-12-17,19.0
74763,Beijing,Beijing Capital,PEK,China,81665.0,996.0,988,True,2019-12-17,20.0
74763,Beijing,Beijing Capital,PEK,China,81665.0,838.0,898,False,2019-12-19,21.0
74763,Beijing,Beijing Capital,PEK,China,81665.0,1151.0,1189,True,2019-12-19,22.0
74763,Beijing,Beijing Capital,PEK,China,81665.0,934.0,988,False,2019-12-20,23.0
74763,Beijing,Beijing Capital,PEK,China,81665.0,1720.0,988,True,2019-12-20,24.0
74763,Beijing,Beijing Capital,PEK,China,81665.0,926.0,988,True,2019-12-21,25.0
74763,Beijing,Beijing Capital,PEK,China,81665.0,597.0,833,False,2019-12-22,26.0
74763,Beijing,Beijing Capital,PEK,China,81665.0,1395.0,1189,True,2019-12-22,27.0
74763,Beijing,Beijing Capital,PEK,China,81665.0,392.0,1276,False,2019-12-23,28.0
74763,Beijing,Beijing Capital,PEK,China,81665.0,1032.0,988,True,2019-12-23,29.0
74763,Beijing,Beijing Capital,PEK,China,81665.0,456.0,1793,False,2019-12-24,30.0
74763,Beijing,Beijing Capital,PEK,China,81665.0,745.0,1189,True,2019-12-24,31.0
74763,Beijing,Beijing Capital,PEK,China,81665.0,406.0,1793,False,2019-12-25,32.0
74763,Beijing,Beijing Capital,PEK,China,81665.0,390.0,988,True,2019-12-26,33.0
74763,Beijing,Beijing Capital,PEK,China,81665.0,474.0,833,False,2019-12-27,34.0
74763,Beijing,Beijing Capital,PEK,China,81665.0,470.0,988,True,2019-12-28,35.0
74763,Beijing,Beijing Capital,PEK,China,81665.0,436.0,1793,False,2019-12-29,36.0
74763,Beijing,Beijing Capital,PEK,China,81665.0,821.0,1189,True,2019-12-29,37.0
74763,Beijing,Beijing Capital,PEK,China,81665.0,393.0,988,True,2019-12-30,38.0
74763,Beijing,Beijing Capital,PEK,China,81665.0,397.0,1793,False,2019-12-31,39.0
74763,Beijing,Beijing Capital,PEK,China,81665.0,750.0,1189,True,2019-12-31,40.0
96474,Toronto,Toronto Pearson International,YYZ,Canada,81665.0,245.0,1907,False,2019-12-01,1.0
96474,Toronto,Toronto Pearson International,YYZ,Canada,81665.0,457.0,1793,True,2019-12-01,2.0
96474,Toronto,Toronto Pearson International,YYZ,Canada,81665.0,245.0,1907,False,2019-12-02,3.0
96474,Toronto,Toronto Pearson International,YYZ,Canada,81665.0,396.0,1793,True,2019-12-02,4.0
96474,Toronto,Toronto Pearson International,YYZ,Canada,81665.0,211.0,833,False,2019-12-03,5.0
96474,Toronto,Toronto Pearson International,YYZ,Canada,81665.0,396.0,1793,True,2019-12-03,6.0
96474,Toronto,Toronto Pearson International,YYZ,Canada,81665.0,245.0,1907,False,2019-12-04,7.0
96474,Toronto,Toronto Pearson International,YYZ,Canada,81665.0,387.0,1793,True,2019-12-04,8.0
96474,Toronto,Toronto Pearson International,YYZ,Canada,81665.0,245.0,1907,False,2019-12-05,9.0
96474,Toronto,Toronto Pearson International,YYZ,Canada,81665.0,396.0,1793,True,2019-12-05,10.0
96474,Toronto,Toronto Pearson International,YYZ,Canada,81665.0,239.0,1907,False,2019-12-06,11.0
96474,Toronto,Toronto Pearson International,YYZ,Canada,81665.0,396.0,1793,True,2019-12-06,12.0
96474,Toronto,Toronto Pearson International,YYZ,Canada,81665.0,247.0,1907,False,2019-12-07,13.0
96474,Toronto,Toronto Pearson International,YYZ,Canada,81665.0,245.0,1907,False,2019-12-08,14.0
96474,Toronto,Toronto Pearson International,YYZ,Canada,81665.0,396.0,1793,True,2019-12-08,15.0
96474,Toronto,Toronto Pearson International,YYZ,Canada,81665.0,245.0,1907,False,2019-12-09,16.0
96474,Toronto,Toronto Pearson International,YYZ,Canada,81665.0,245.0,1907,False,2019-12-10,17.0
96474,Toronto,Toronto Pearson International,YYZ,Canada,81665.0,396.0,1793,True,2019-12-10,18.0
96474,Toronto,Toronto Pearson International,YYZ,Canada,81665.0,245.0,1907,False,2019-12-11,19.0
96474,Toronto,Toronto Pearson International,YYZ,Canada,81665.0,396.0,1793,True,2019-12-11,20.0
96474,Toronto,Toronto Pearson International,YYZ,Canada,81665.0,245.0,1907,False,2019-12-12,21.0
96474,Toronto,Toronto Pearson International,YYZ,Canada,81665.0,396.0,1793,True,2019-12-12,22.0
96474,Toronto,Toronto Pearson International,YYZ,Canada,81665.0,245.0,1907,False,2019-12-13,23.0
96474,Toronto,Toronto Pearson International,YYZ,Canada,81665.0,396.0,1793,True,2019-12-13,24.0
96474,Toronto,Toronto Pearson International,YYZ,Canada,81665.0,245.0,1907,False,2019-12-14,25.0
96474,Toronto,Toronto Pearson International,YYZ,Canada,81665.0,396.0,1793,True,2019-12-14,26.0
96474,Toronto,Toronto Pearson International,YYZ,Canada,81665.0,241.0,1907,False,2019-12-15,27.0
96474,Toronto,Toronto Pearson International,YYZ,Canada,81665.0,306.0,1755,True,2019-12-15,28.0
96474,Toronto,Toronto Pearson International,YYZ,Canada,81665.0,245.0,1907,False,2019-12-16,29.0
96474,Toronto,Toronto Pearson International,YYZ,Canada,81665.0,396.0,1793,True,2019-12-16,30.0
96474,Toronto,Toronto Pearson International,YYZ,Canada,81665.0,303.0,1907,False,2019-12-17,31.0
96474,Toronto,Toronto Pearson International,YYZ,Canada,81665.0,384.0,835,True,2019-12-17,32.0
96474,Toronto,Toronto Pearson International,YYZ,Canada,81665.0,247.0,1907,False,2019-12-18,33.0
96474,Toronto,Toronto Pearson International,YYZ,Canada,81665.0,389.0,1793,True,2019-12-18,34.0
96474,Toronto,Toronto Pearson International,YYZ,Canada,81665.0,239.0,1907,False,2019-12-19,35.0
96474,Toronto,Toronto Pearson International,YYZ,Canada,81665.0,411.0,1755,True,2019-12-19,36.0
96474,Toronto,Toronto Pearson International,YYZ,Canada,81665.0,279.0,1907,False,2019-12-20,37.0
96474,Toronto,Toronto Pearson International,YYZ,Canada,81665.0,698.0,1793,True,2019-12-20,38.0
96474,Toronto,Toronto Pearson International,YYZ,Canada,81665.0,349.0,1907,False,2019-12-21,39.0
96474,Toronto,Toronto Pearson International,YYZ,Canada,81665.0,293.0,1907,False,2019-12-22,40.0
96474,Toronto,Toronto Pearson International,YYZ,Canada,81665.0,428.0,835,True,2019-12-22,41.0
96474,Toronto,Toronto Pearson International,YYZ,Canada,81665.0,211.0,833,False,2019-12-23,42.0
96474,Toronto,Toronto Pearson International,YYZ,Canada,81665.0,698.0,1793,True,2019-12-23,43.0
96474,Toronto,Toronto Pearson International,YYZ,Canada,81665.0,245.0,1907,False,2019-12-24,44.0
96474,Toronto,Toronto Pearson International,YYZ,Canada,81665.0,396.0,1793,True,2019-12-24,45.0
96474,Toronto,Toronto Pearson International,YYZ,Canada,81665.0,247.0,1907,False,2019-12-25,46.0
96474,Toronto,Toronto Pearson International,YYZ,Canada,81665.0,222.0,833,False,2019-12-26,47.0
96474,Toronto,Toronto Pearson International,YYZ,Canada,81665.0,247.0,1907,False,2019-12-27,48.0
96474,Toronto,Toronto Pearson International,YYZ,Canada,81665.0,442.0,1793,True,2019-12-27,49.0
96474,Toronto,Toronto Pearson International,YYZ,Canada,81665.0,279.0,1907,False,2019-12-28,50.0
96474,Toronto,Toronto Pearson International,YYZ,Canada,81665.0,247.0,1907,False,2019-12-29,51.0
96474,Toronto,Toronto Pearson International,YYZ,Canada,81665.0,383.0,1793,True,2019-12-29,52.0
96474,Toronto,Toronto Pearson International,YYZ,Canada,81665.0,247.0,1907,False,2019-12-30,53.0
96474,Toronto,Toronto Pearson International,YYZ,Canada,81665.0,440.0,1793,True,2019-12-30,54.0
96474,Toronto,Toronto Pearson International,YYZ,Canada,81665.0,247.0,1907,False,2019-12-31,55.0
96474,Toronto,Toronto Pearson International,YYZ,Canada,81665.0,410.0,1755,True,2019-12-31,56.0
82628,Sydney,Sydney,SYD,Australia,81665.0,520.0,1169,False,2019-12-06,1.0
82628,Sydney,Sydney,SYD,Australia,81665.0,1094.0,952,False,2019-12-08,2.0
82628,Sydney,Sydney,SYD,Australia,81665.0,535.0,1169,False,2019-12-10,3.0
82628,Sydney,Sydney,SYD,Australia,81665.0,470.0,851,False,2019-12-11,4.0
82628,Sydney,Sydney,SYD,Australia,81665.0,1594.0,952,False,2019-12-14,5.0
82628,Sydney,Sydney,SYD,Australia,81665.0,640.0,1169,False,2019-12-15,6.0
82628,Sydney,Sydney,SYD,Australia,81665.0,1594.0,952,False,2019-12-16,7.0
82628,Sydney,Sydney,SYD,Australia,81665.0,1112.0,1530,False,2019-12-18,8.0
82628,Sydney,Sydney,SYD,Australia,81665.0,1329.0,1464,False,2019-12-19,9.0
82628,Sydney,Sydney,SYD,Australia,81665.0,1059.0,1169,False,2019-12-20,10.0
82628,Sydney,Sydney,SYD,Australia,81665.0,1112.0,1530,False,2019-12-21,11.0
82628,Sydney,Sydney,SYD,Australia,81665.0,942.0,1482,False,2019-12-22,12.0
82628,Sydney,Sydney,SYD,Australia,81665.0,771.0,851,False,2019-12-23,13.0
82628,Sydney,Sydney,SYD,Australia,81665.0,715.0,851,False,2019-12-25,14.0
82628,Sydney,Sydney,SYD,Australia,81665.0,1501.0,952,False,2019-12-27,15.0
82628,Sydney,Sydney,SYD,Australia,81665.0,655.0,1429,False,2019-12-28,16.0
82628,Sydney,Sydney,SYD,Australia,81665.0,574.0,1429,False,2019-12-30,17.0
82628,Sydney,Sydney,SYD,Australia,81665.0,1112.0,1530,False,2019-12-31,18.0
86479,Quito,Quito,UIO,Ecuador,81665.0,558.0,870,False,2019-12-01,1.0
86479,Quito,Quito,UIO,Ecuador,81665.0,623.0,851,False,2019-12-22,2.0
86479,Quito,Quito,UIO,Ecuador,81665.0,574.0,851,False,2019-12-25,3.0
86479,Quito,Quito,UIO,Ecuador,81665.0,549.0,870,False,2019-12-26,4.0
86479,Quito,Quito,UIO,Ecuador,81665.0,710.0,1793,False,2019-12-31,5.0
65634,Long Beach,Long Beach Municipal,LGB,United States,81665.0,274.0,870,True,2019-12-01,1.0
65634,Long Beach,Long Beach Municipal,LGB,United States,81665.0,141.0,870,True,2019-12-02,2.0
65634,Long Beach,Long Beach Municipal,LGB,United States,81665.0,119.0,870,True,2019-12-03,3.0
65634,Long Beach,Long Beach Municipal,LGB,United States,81665.0,87.0,988,False,2019-12-04,4.0
65634,Long Beach,Long Beach Municipal,LGB,United States,81665.0,79.0,870,True,2019-12-06,5.0
65634,Long Beach,Long Beach Municipal,LGB,United States,81665.0,100.0,870,True,2019-12-07,6.0
65634,Long Beach,Long Beach Municipal,LGB,United States,81665.0,100.0,870,True,2019-12-14,7.0
65634,Long Beach,Long Beach Municipal,LGB,United States,81665.0,78.0,870,True,2019-12-15,8.0
65634,Long Beach,Long Beach Municipal,LGB,United States,81665.0,78.0,870,True,2019-12-16,9.0
65634,Long Beach,Long Beach Municipal,LGB,United States,81665.0,161.0,988,False,2019-12-18,10.0
65634,Long Beach,Long Beach Municipal,LGB,United States,81665.0,226.0,988,False,2019-12-22,11.0
65634,Long Beach,Long Beach Municipal,LGB,United States,81665.0,161.0,988,False,2019-12-25,12.0
65634,Long Beach,Long Beach Municipal,LGB,United States,81665.0,236.0,988,False,2019-12-26,13.0
65634,Long Beach,Long Beach Municipal,LGB,United States,81665.0,201.0,988,False,2019-12-29,14.0
65634,Long Beach,Long Beach Municipal,LGB,United States,81665.0,207.0,870,True,2019-12-29,15.0
45336,Copenhagen,Copenhagen,CPH,Denmark,81665.0,337.0,851,False,2019-12-11,1.0
45336,Copenhagen,Copenhagen,CPH,Denmark,81665.0,925.0,1081,False,2019-12-22,2.0
45336,Copenhagen,Copenhagen,CPH,Denmark,81665.0,549.0,870,False,2019-12-31,3.0
67852,Melbourne,Melbourne Tullamarine,MEL,Australia,81665.0,1090.0,952,False,2019-12-04,1.0
67852,Melbourne,Melbourne Tullamarine,MEL,Australia,81665.0,1088.0,952,False,2019-12-08,2.0
67852,Melbourne,Melbourne Tullamarine,MEL,Australia,81665.0,1087.0,952,False,2019-12-09,3.0
67852,Melbourne,Melbourne Tullamarine,MEL,Australia,81665.0,1495.0,952,False,2019-12-11,4.0
67852,Melbourne,Melbourne Tullamarine,MEL,Australia,81665.0,1589.0,1793,False,2019-12-12,5.0
67852,Melbourne,Melbourne Tullamarine,MEL,Australia,81665.0,1588.0,952,False,2019-12-13,6.0
67852,Melbourne,Melbourne Tullamarine,MEL,Australia,81665.0,707.0,851,False,2019-12-14,7.0
67852,Melbourne,Melbourne Tullamarine,MEL,Australia,81665.0,1312.0,1276,False,2019-12-16,8.0
67852,Melbourne,Melbourne Tullamarine,MEL,Australia,81665.0,1308.0,1276,False,2019-12-17,9.0
67852,Melbourne,Melbourne Tullamarine,MEL,Australia,81665.0,1312.0,1276,False,2019-12-18,10.0
67852,Melbourne,Melbourne Tullamarine,MEL,Australia,81665.0,1515.0,1276,False,2019-12-19,11.0
67852,Melbourne,Melbourne Tullamarine,MEL,Australia,81665.0,1096.0,1429,False,2019-12-20,12.0
67852,Melbourne,Melbourne Tullamarine,MEL,Australia,81665.0,1583.0,1276,False,2019-12-21,13.0
67852,Melbourne,Melbourne Tullamarine,MEL,Australia,81665.0,742.0,851,False,2019-12-24,14.0
67852,Melbourne,Melbourne Tullamarine,MEL,Australia,81665.0,1495.0,952,False,2019-12-25,15.0
67852,Melbourne,Melbourne Tullamarine,MEL,Australia,81665.0,638.0,1429,False,2019-12-28,16.0
67852,Melbourne,Melbourne Tullamarine,MEL,Australia,81665.0,1493.0,952,False,2019-12-30,17.0
67852,Melbourne,Melbourne Tullamarine,MEL,Australia,81665.0,1143.0,1713,False,2019-12-31,18.0
84326,Tel Aviv,Ben Gurion Intl,TLV,Israel,81665.0,524.0,857,False,2019-12-01,1.0
84326,Tel Aviv,Ben Gurion Intl,TLV,Israel,81665.0,2390.0,1710,False,2019-12-02,2.0
84326,Tel Aviv,Ben Gurion Intl,TLV,Israel,81665.0,2390.0,1710,False,2019-12-03,3.0
84326,Tel Aviv,Ben Gurion Intl,TLV,Israel,81665.0,2390.0,1710,False,2019-12-09,4.0
84326,Tel Aviv,Ben Gurion Intl,TLV,Israel,81665.0,2291.0,881,False,2019-12-10,5.0
84326,Tel Aviv,Ben Gurion Intl,TLV,Israel,81665.0,2390.0,1710,False,2019-12-14,6.0
84326,Tel Aviv,Ben Gurion Intl,TLV,Israel,81665.0,2389.0,1710,False,2019-12-17,7.0
84326,Tel Aviv,Ben Gurion Intl,TLV,Israel,81665.0,609.0,851,False,2019-12-18,8.0
84326,Tel Aviv,Ben Gurion Intl,TLV,Israel,81665.0,2290.0,881,False,2019-12-19,9.0
84326,Tel Aviv,Ben Gurion Intl,TLV,Israel,81665.0,864.0,851,False,2019-12-20,10.0
84326,Tel Aviv,Ben Gurion Intl,TLV,Israel,81665.0,913.0,981,False,2019-12-21,11.0
84326,Tel Aviv,Ben Gurion Intl,TLV,Israel,81665.0,669.0,851,False,2019-12-24,12.0
84326,Tel Aviv,Ben Gurion Intl,TLV,Israel,81665.0,2389.0,1710,False,2019-12-28,13.0
84326,Tel Aviv,Ben Gurion Intl,TLV,Israel,81665.0,637.0,851,False,2019-12-31,14.0
43141,Brussels,Brussels International,BRU,Belgium,81665.0,725.0,83896,False,2019-12-16,1.0
43141,Brussels,Brussels International,BRU,Belgium,81665.0,1003.0,1081,False,2019-12-21,2.0
43141,Brussels,Brussels International,BRU,Belgium,81665.0,845.0,1081,False,2019-12-22,3.0
43141,Brussels,Brussels International,BRU,Belgium,81665.0,500.0,870,False,2019-12-25,4.0
43141,Brussels,Brussels International,BRU,Belgium,81665.0,487.0,851,False,2019-12-27,5.0
40492,Auckland,Auckland International,AKL,New Zealand,81665.0,595.0,851,False,2019-12-03,1.0
40492,Auckland,Auckland International,AKL,New Zealand,81665.0,596.0,1169,False,2019-12-05,2.0
40492,Auckland,Auckland International,AKL,New Zealand,81665.0,1094.0,952,False,2019-12-06,3.0
40492,Auckland,Auckland International,AKL,New Zealand,81665.0,604.0,1169,False,2019-12-08,4.0
40492,Auckland,Auckland International,AKL,New Zealand,81665.0,681.0,851,False,2019-12-10,5.0
40492,Auckland,Auckland International,AKL,New Zealand,81665.0,663.0,1169,False,2019-12-12,6.0
40492,Auckland,Auckland International,AKL,New Zealand,81665.0,782.0,1169,False,2019-12-15,7.0
40492,Auckland,Auckland International,AKL,New Zealand,81665.0,1077.0,1082,False,2019-12-20,8.0
40492,Auckland,Auckland International,AKL,New Zealand,81665.0,833.0,1429,False,2019-12-26,9.0
40492,Auckland,Auckland International,AKL,New Zealand,81665.0,825.0,1082,False,2019-12-28,10.0
96322,Vancouver,Vancouver International,YVR,Canada,81665.0,122.0,988,True,2019-12-01,1.0
96322,Vancouver,Vancouver International,YVR,Canada,81665.0,122.0,988,True,2019-12-02,2.0
96322,Vancouver,Vancouver International,YVR,Canada,81665.0,122.0,988,True,2019-12-03,3.0
96322,Vancouver,Vancouver International,YVR,Canada,81665.0,122.0,988,True,2019-12-05,4.0
96322,Vancouver,Vancouver International,YVR,Canada,81665.0,110.0,851,True,2019-12-06,5.0
96322,Vancouver,Vancouver International,YVR,Canada,81665.0,122.0,988,True,2019-12-09,6.0
96322,Vancouver,Vancouver International,YVR,Canada,81665.0,122.0,988,True,2019-12-10,7.0
96322,Vancouver,Vancouver International,YVR,Canada,81665.0,122.0,988,True,2019-12-11,8.0
96322,Vancouver,Vancouver International,YVR,Canada,81665.0,122.0,988,True,2019-12-12,9.0
96322,Vancouver,Vancouver International,YVR,Canada,81665.0,110.0,851,True,2019-12-13,10.0
96322,Vancouver,Vancouver International,YVR,Canada,81665.0,123.0,1907,True,2019-12-17,11.0
96322,Vancouver,Vancouver International,YVR,Canada,81665.0,122.0,988,True,2019-12-18,12.0
96322,Vancouver,Vancouver International,YVR,Canada,81665.0,162.0,988,True,2019-12-21,13.0
96322,Vancouver,Vancouver International,YVR,Canada,81665.0,122.0,1907,True,2019-12-22,14.0
96322,Vancouver,Vancouver International,YVR,Canada,81665.0,140.0,838,True,2019-12-23,15.0
96322,Vancouver,Vancouver International,YVR,Canada,81665.0,128.0,988,True,2019-12-24,16.0
96322,Vancouver,Vancouver International,YVR,Canada,81665.0,129.0,988,True,2019-12-26,17.0
96322,Vancouver,Vancouver International,YVR,Canada,81665.0,122.0,988,True,2019-12-27,18.0
96322,Vancouver,Vancouver International,YVR,Canada,81665.0,129.0,988,True,2019-12-28,19.0
96322,Vancouver,Vancouver International,YVR,Canada,81665.0,122.0,1907,True,2019-12-29,20.0
96322,Vancouver,Vancouver International,YVR,Canada,81665.0,122.0,1907,True,2019-12-30,21.0
96322,Vancouver,Vancouver International,YVR,Canada,81665.0,122.0,988,True,2019-12-31,22.0
44907,Jakarta,Soekarno-Hatta,CGK,Indonesia,81665.0,1174.0,952,False,2019-12-13,1.0
44907,Jakarta,Soekarno-Hatta,CGK,Indonesia,81665.0,934.0,1276,False,2019-12-14,2.0
44907,Jakarta,Soekarno-Hatta,CGK,Indonesia,81665.0,716.0,1169,False,2019-12-15,3.0
44907,Jakarta,Soekarno-Hatta,CGK,Indonesia,81665.0,944.0,1276,False,2019-12-28,4.0
52337,Frankfurt,Frankfurt am Main,FRA,Germany,81665.0,486.0,1713,False,2019-12-03,1.0
52337,Frankfurt,Frankfurt am Main,FRA,Germany,81665.0,2882.0,1793,True,2019-12-03,2.0
52337,Frankfurt,Frankfurt am Main,FRA,Germany,81665.0,487.0,1713,False,2019-12-04,3.0
52337,Frankfurt,Frankfurt am Main,FRA,Germany,81665.0,536.0,981,True,2019-12-04,4.0
52337,Frankfurt,Frankfurt am Main,FRA,Germany,81665.0,483.0,981,True,2019-12-07,5.0
52337,Frankfurt,Frankfurt am Main,FRA,Germany,81665.0,460.0,1760,False,2019-12-08,6.0
52337,Frankfurt,Frankfurt am Main,FRA,Germany,81665.0,1505.0,1368,True,2019-12-08,7.0
52337,Frankfurt,Frankfurt am Main,FRA,Germany,81665.0,335.0,981,True,2019-12-09,8.0
52337,Frankfurt,Frankfurt am Main,FRA,Germany,81665.0,802.0,981,False,2019-12-12,9.0
52337,Frankfurt,Frankfurt am Main,FRA,Germany,81665.0,557.0,981,False,2019-12-15,10.0
52337,Frankfurt,Frankfurt am Main,FRA,Germany,81665.0,2882.0,1793,True,2019-12-15,11.0
52337,Frankfurt,Frankfurt am Main,FRA,Germany,81665.0,452.0,851,False,2019-12-16,12.0
52337,Frankfurt,Frankfurt am Main,FRA,Germany,81665.0,682.0,981,True,2019-12-16,13.0
52337,Frankfurt,Frankfurt am Main,FRA,Germany,81665.0,458.0,851,False,2019-12-17,14.0
52337,Frankfurt,Frankfurt am Main,FRA,Germany,81665.0,1485.0,981,True,2019-12-17,15.0
52337,Frankfurt,Frankfurt am Main,FRA,Germany,81665.0,571.0,851,False,2019-12-19,16.0
52337,Frankfurt,Frankfurt am Main,FRA,Germany,81665.0,2849.0,1368,True,2019-12-19,17.0
52337,Frankfurt,Frankfurt am Main,FRA,Germany,81665.0,725.0,1713,False,2019-12-20,18.0
52337,Frankfurt,Frankfurt am Main,FRA,Germany,81665.0,2962.0,1368,True,2019-12-20,19.0
52337,Frankfurt,Frankfurt am Main,FRA,Germany,81665.0,672.0,851,False,2019-12-21,20.0
52337,Frankfurt,Frankfurt am Main,FRA,Germany,81665.0,714.0,981,True,2019-12-21,21.0
52337,Frankfurt,Frankfurt am Main,FRA,Germany,81665.0,535.0,981,True,2019-12-23,22.0
52337,Frankfurt,Frankfurt am Main,FRA,Germany,81665.0,391.0,981,True,2019-12-25,23.0
52337,Frankfurt,Frankfurt am Main,FRA,Germany,81665.0,467.0,1713,False,2019-12-26,24.0
52337,Frankfurt,Frankfurt am Main,FRA,Germany,81665.0,2780.0,1368,True,2019-12-26,25.0
52337,Frankfurt,Frankfurt am Main,FRA,Germany,81665.0,467.0,1713,False,2019-12-27,26.0
52337,Frankfurt,Frankfurt am Main,FRA,Germany,81665.0,2780.0,1368,True,2019-12-27,27.0
52337,Frankfurt,Frankfurt am Main,FRA,Germany,81665.0,464.0,1713,False,2019-12-28,28.0
52337,Frankfurt,Frankfurt am Main,FRA,Germany,81665.0,483.0,981,True,2019-12-28,29.0
52337,Frankfurt,Frankfurt am Main,FRA,Germany,81665.0,464.0,1713,False,2019-12-30,30.0
52337,Frankfurt,Frankfurt am Main,FRA,Germany,81665.0,483.0,981,True,2019-12-30,31.0
40830,Stockholm,Stockholm Arlanda,ARN,Sweden,81665.0,2402.0,857,False,2019-12-01,1.0
40830,Stockholm,Stockholm Arlanda,ARN,Sweden,81665.0,2404.0,857,False,2019-12-02,2.0
40830,Stockholm,Stockholm Arlanda,ARN,Sweden,81665.0,2405.0,857,False,2019-12-03,3.0
40830,Stockholm,Stockholm Arlanda,ARN,Sweden,81665.0,2405.0,857,False,2019-12-04,4.0
40830,Stockholm,Stockholm Arlanda,ARN,Sweden,81665.0,2405.0,857,False,2019-12-05,5.0
40830,Stockholm,Stockholm Arlanda,ARN,Sweden,81665.0,2404.0,857,False,2019-12-06,6.0
40830,Stockholm,Stockholm Arlanda,ARN,Sweden,81665.0,2405.0,857,False,2019-12-07,7.0
40830,Stockholm,Stockholm Arlanda,ARN,Sweden,81665.0,2405.0,857,False,2019-12-08,8.0
40830,Stockholm,Stockholm Arlanda,ARN,Sweden,81665.0,2405.0,857,False,2019-12-09,9.0
40830,Stockholm,Stockholm Arlanda,ARN,Sweden,81665.0,2405.0,857,False,2019-12-10,10.0
40830,Stockholm,Stockholm Arlanda,ARN,Sweden,81665.0,2405.0,857,False,2019-12-11,11.0
40830,Stockholm,Stockholm Arlanda,ARN,Sweden,81665.0,2405.0,857,False,2019-12-12,12.0
40830,Stockholm,Stockholm Arlanda,ARN,Sweden,81665.0,2405.0,857,False,2019-12-13,13.0
40830,Stockholm,Stockholm Arlanda,ARN,Sweden,81665.0,2405.0,857,False,2019-12-14,14.0
40830,Stockholm,Stockholm Arlanda,ARN,Sweden,81665.0,2405.0,857,False,2019-12-15,15.0
40830,Stockholm,Stockholm Arlanda,ARN,Sweden,81665.0,2405.0,857,False,2019-12-16,16.0
40830,Stockholm,Stockholm Arlanda,ARN,Sweden,81665.0,492.0,851,False,2019-12-17,17.0
40830,Stockholm,Stockholm Arlanda,ARN,Sweden,81665.0,2459.0,838,False,2019-12-18,18.0
40830,Stockholm,Stockholm Arlanda,ARN,Sweden,81665.0,2483.0,988,False,2019-12-19,19.0
40830,Stockholm,Stockholm Arlanda,ARN,Sweden,81665.0,2504.0,857,False,2019-12-20,20.0
40830,Stockholm,Stockholm Arlanda,ARN,Sweden,81665.0,2508.0,988,False,2019-12-21,21.0
40830,Stockholm,Stockholm Arlanda,ARN,Sweden,81665.0,820.0,1081,False,2019-12-22,22.0
40830,Stockholm,Stockholm Arlanda,ARN,Sweden,81665.0,2423.0,838,False,2019-12-23,23.0
40830,Stockholm,Stockholm Arlanda,ARN,Sweden,81665.0,2423.0,838,False,2019-12-24,24.0
40830,Stockholm,Stockholm Arlanda,ARN,Sweden,81665.0,2423.0,838,False,2019-12-25,25.0
40830,Stockholm,Stockholm Arlanda,ARN,Sweden,81665.0,639.0,851,False,2019-12-26,26.0
40830,Stockholm,Stockholm Arlanda,ARN,Sweden,81665.0,2423.0,838,False,2019-12-27,27.0
40830,Stockholm,Stockholm Arlanda,ARN,Sweden,81665.0,2409.0,988,False,2019-12-28,28.0
40830,Stockholm,Stockholm Arlanda,ARN,Sweden,81665.0,2423.0,838,False,2019-12-29,29.0
40830,Stockholm,Stockholm Arlanda,ARN,Sweden,81665.0,2423.0,838,False,2019-12-30,30.0
40830,Stockholm,Stockholm Arlanda,ARN,Sweden,81665.0,2423.0,838,False,2019-12-31,31.0
54215,Rio De Janeiro,Rio De Janeiro Internacional,GIG,Brazil,81665.0,718.0,851,False,2019-12-01,1.0
54215,Rio De Janeiro,Rio De Janeiro Internacional,GIG,Brazil,81665.0,821.0,835,False,2019-12-02,2.0
54215,Rio De Janeiro,Rio De Janeiro Internacional,GIG,Brazil,81665.0,475.0,870,False,2019-12-04,3.0
50421,Buenos Aires,Buenos Aires Ministro Pistarini,EZE,Argentina,81665.0,785.0,835,False,2019-12-11,1.0
50421,Buenos Aires,Buenos Aires Ministro Pistarini,EZE,Argentina,81665.0,827.0,870,False,2019-12-12,2.0
50421,Buenos Aires,Buenos Aires Ministro Pistarini,EZE,Argentina,81665.0,931.0,870,False,2019-12-16,3.0
50421,Buenos Aires,Buenos Aires Ministro Pistarini,EZE,Argentina,81665.0,950.0,851,False,2019-12-17,4.0
50421,Buenos Aires,Buenos Aires Ministro Pistarini,EZE,Argentina,81665.0,1337.0,941,False,2019-12-18,5.0
50421,Buenos Aires,Buenos Aires Ministro Pistarini,EZE,Argentina,81665.0,1337.0,941,False,2019-12-19,6.0
50421,Buenos Aires,Buenos Aires Ministro Pistarini,EZE,Argentina,81665.0,1277.0,851,False,2019-12-20,7.0
50421,Buenos Aires,Buenos Aires Ministro Pistarini,EZE,Argentina,81665.0,1194.0,870,False,2019-12-21,8.0
40065,Albuquerque,Albuquerque,ABQ,United States,81665.0,97.0,833,False,2019-12-14,1.0
40065,Albuquerque,Albuquerque,ABQ,United States,81665.0,97.0,1793,False,2019-12-17,2.0
40065,Albuquerque,Albuquerque,ABQ,United States,81665.0,221.0,1793,False,2019-12-23,3.0
40065,Albuquerque,Albuquerque,ABQ,United States,81665.0,218.0,988,False,2019-12-27,4.0
40065,Albuquerque,Albuquerque,ABQ,United States,81665.0,176.0,988,False,2019-12-28,5.0
96268,Montreal,Montreal Pierre Elliott Trudeau,YUL,Canada,81665.0,137.0,1793,False,2019-12-11,1.0
96268,Montreal,Montreal Pierre Elliott Trudeau,YUL,Canada,81665.0,153.0,1907,False,2019-12-12,2.0
96268,Montreal,Montreal Pierre Elliott Trudeau,YUL,Canada,81665.0,137.0,1126,False,2019-12-15,3.0
96268,Montreal,Montreal Pierre Elliott Trudeau,YUL,Canada,81665.0,154.0,1907,False,2019-12-17,4.0
96268,Montreal,Montreal Pierre Elliott Trudeau,YUL,Canada,81665.0,234.0,1907,False,2019-12-19,5.0
96268,Montreal,Montreal Pierre Elliott Trudeau,YUL,Canada,81665.0,331.0,1907,False,2019-12-20,6.0
96268,Montreal,Montreal Pierre Elliott Trudeau,YUL,Canada,81665.0,372.0,1907,False,2019-12-21,7.0
96268,Montreal,Montreal Pierre Elliott Trudeau,YUL,Canada,81665.0,295.0,1793,False,2019-12-22,8.0
96268,Montreal,Montreal Pierre Elliott Trudeau,YUL,Canada,81665.0,241.0,1793,False,2019-12-23,9.0
96268,Montreal,Montreal Pierre Elliott Trudeau,YUL,Canada,81665.0,150.0,1793,False,2019-12-24,10.0
96268,Montreal,Montreal Pierre Elliott Trudeau,YUL,Canada,81665.0,154.0,1907,False,2019-12-25,11.0
96268,Montreal,Montreal Pierre Elliott Trudeau,YUL,Canada,81665.0,154.0,1907,False,2019-12-26,12.0
96268,Montreal,Montreal Pierre Elliott Trudeau,YUL,Canada,81665.0,154.0,1907,False,2019-12-27,13.0
96268,Montreal,Montreal Pierre Elliott Trudeau,YUL,Canada,81665.0,298.0,1907,False,2019-12-28,14.0
96268,Montreal,Montreal Pierre Elliott Trudeau,YUL,Canada,81665.0,154.0,1907,False,2019-12-29,15.0
96268,Montreal,Montreal Pierre Elliott Trudeau,YUL,Canada,81665.0,154.0,1907,False,2019-12-30,16.0
96268,Montreal,Montreal Pierre Elliott Trudeau,YUL,Canada,81665.0,150.0,1793,False,2019-12-31,17.0
40968,Abu Dhabi,Abu Dhabi International,AUH,United Arab Emirates,81665.0,3769.0,1324,False,2019-12-01,1.0
40968,Abu Dhabi,Abu Dhabi International,AUH,United Arab Emirates,81665.0,3770.0,1324,False,2019-12-02,2.0
40968,Abu Dhabi,Abu Dhabi International,AUH,United Arab Emirates,81665.0,3389.0,881,False,2019-12-03,3.0
40968,Abu Dhabi,Abu Dhabi International,AUH,United Arab Emirates,81665.0,3400.0,881,False,2019-12-04,4.0
40968,Abu Dhabi,Abu Dhabi International,AUH,United Arab Emirates,81665.0,3770.0,1324,False,2019-12-05,5.0
40968,Abu Dhabi,Abu Dhabi International,AUH,United Arab Emirates,81665.0,3770.0,1324,False,2019-12-06,6.0
40968,Abu Dhabi,Abu Dhabi International,AUH,United Arab Emirates,81665.0,3770.0,1324,False,2019-12-07,7.0
40968,Abu Dhabi,Abu Dhabi International,AUH,United Arab Emirates,81665.0,3396.0,881,False,2019-12-08,8.0
40968,Abu Dhabi,Abu Dhabi International,AUH,United Arab Emirates,81665.0,3770.0,1324,False,2019-12-09,9.0
40968,Abu Dhabi,Abu Dhabi International,AUH,United Arab Emirates,81665.0,3770.0,1324,False,2019-12-10,10.0
40968,Abu Dhabi,Abu Dhabi International,AUH,United Arab Emirates,81665.0,3770.0,1324,False,2019-12-11,11.0
40968,Abu Dhabi,Abu Dhabi International,AUH,United Arab Emirates,81665.0,3770.0,1324,False,2019-12-12,12.0
40968,Abu Dhabi,Abu Dhabi International,AUH,United Arab Emirates,81665.0,3770.0,1324,False,2019-12-13,13.0
40968,Abu Dhabi,Abu Dhabi International,AUH,United Arab Emirates,81665.0,3770.0,1324,False,2019-12-14,14.0
40968,Abu Dhabi,Abu Dhabi International,AUH,United Arab Emirates,81665.0,3770.0,1324,False,2019-12-15,15.0
40968,Abu Dhabi,Abu Dhabi International,AUH,United Arab Emirates,81665.0,3770.0,1324,False,2019-12-16,16.0
40968,Abu Dhabi,Abu Dhabi International,AUH,United Arab Emirates,81665.0,3770.0,1324,False,2019-12-17,17.0
40968,Abu Dhabi,Abu Dhabi International,AUH,United Arab Emirates,81665.0,3770.0,1324,False,2019-12-18,18.0
40968,Abu Dhabi,Abu Dhabi International,AUH,United Arab Emirates,81665.0,3389.0,881,False,2019-12-31,19.0
47009,Washington,Washington Ronald Reagan,DCA,United States,81665.0,421.0,988,False,2019-12-01,1.0
47009,Washington,Washington Ronald Reagan,DCA,United States,81665.0,682.0,851,True,2019-12-01,2.0
47009,Washington,Washington Ronald Reagan,DCA,United States,81665.0,220.0,1793,False,2019-12-02,3.0
47009,Washington,Washington Ronald Reagan,DCA,United States,81665.0,578.0,851,True,2019-12-02,4.0
47009,Washington,Washington Ronald Reagan,DCA,United States,81665.0,156.0,870,False,2019-12-03,5.0
47009,Washington,Washington Ronald Reagan,DCA,United States,81665.0,300.0,851,True,2019-12-03,6.0
47009,Washington,Washington Ronald Reagan,DCA,United States,81665.0,137.0,870,False,2019-12-04,7.0
47009,Washington,Washington Ronald Reagan,DCA,United States,81665.0,247.0,851,True,2019-12-04,8.0
47009,Washington,Washington Ronald Reagan,DCA,United States,81665.0,194.0,1793,False,2019-12-05,9.0
47009,Washington,Washington Ronald Reagan,DCA,United States,81665.0,156.0,870,False,2019-12-08,10.0
47009,Washington,Washington Ronald Reagan,DCA,United States,81665.0,479.0,851,True,2019-12-08,11.0
47009,Washington,Washington Ronald Reagan,DCA,United States,81665.0,191.0,833,False,2019-12-09,12.0
47009,Washington,Washington Ronald Reagan,DCA,United States,81665.0,191.0,1793,False,2019-12-10,13.0
47009,Washington,Washington Ronald Reagan,DCA,United States,81665.0,137.0,870,False,2019-12-11,14.0
47009,Washington,Washington Ronald Reagan,DCA,United States,81665.0,247.0,851,True,2019-12-11,15.0
47009,Washington,Washington Ronald Reagan,DCA,United States,81665.0,211.0,988,False,2019-12-12,16.0
47009,Washington,Washington Ronald Reagan,DCA,United States,81665.0,156.0,870,False,2019-12-13,17.0
47009,Washington,Washington Ronald Reagan,DCA,United States,81665.0,246.0,851,True,2019-12-13,18.0
47009,Washington,Washington Ronald Reagan,DCA,United States,81665.0,177.0,988,False,2019-12-14,19.0
47009,Washington,Washington Ronald Reagan,DCA,United States,81665.0,282.0,851,True,2019-12-14,20.0
47009,Washington,Washington Ronald Reagan,DCA,United States,81665.0,212.0,988,False,2019-12-15,21.0
47009,Washington,Washington Ronald Reagan,DCA,United States,81665.0,193.0,1793,False,2019-12-16,22.0
47009,Washington,Washington Ronald Reagan,DCA,United States,81665.0,175.0,833,False,2019-12-17,23.0
47009,Washington,Washington Ronald Reagan,DCA,United States,81665.0,216.0,851,False,2019-12-18,24.0
47009,Washington,Washington Ronald Reagan,DCA,United States,81665.0,304.0,851,True,2019-12-18,25.0
47009,Washington,Washington Ronald Reagan,DCA,United States,81665.0,341.0,988,False,2019-12-19,26.0
47009,Washington,Washington Ronald Reagan,DCA,United States,81665.0,482.0,851,True,2019-12-19,27.0
47009,Washington,Washington Ronald Reagan,DCA,United States,81665.0,377.0,1793,False,2019-12-20,28.0
47009,Washington,Washington Ronald Reagan,DCA,United States,81665.0,582.0,851,True,2019-12-20,29.0
47009,Washington,Washington Ronald Reagan,DCA,United States,81665.0,341.0,1793,False,2019-12-21,30.0
47009,Washington,Washington Ronald Reagan,DCA,United States,81665.0,582.0,851,True,2019-12-21,31.0
47009,Washington,Washington Ronald Reagan,DCA,United States,81665.0,289.0,1793,False,2019-12-22,32.0
47009,Washington,Washington Ronald Reagan,DCA,United States,81665.0,481.0,851,True,2019-12-22,33.0
47009,Washington,Washington Ronald Reagan,DCA,United States,81665.0,191.0,1793,False,2019-12-24,34.0
47009,Washington,Washington Ronald Reagan,DCA,United States,81665.0,191.0,833,False,2019-12-25,35.0
47009,Washington,Washington Ronald Reagan,DCA,United States,81665.0,246.0,851,True,2019-12-25,36.0
47009,Washington,Washington Ronald Reagan,DCA,United States,81665.0,234.0,833,False,2019-12-26,37.0
47009,Washington,Washington Ronald Reagan,DCA,United States,81665.0,350.0,851,True,2019-12-26,38.0
47009,Washington,Washington Ronald Reagan,DCA,United States,81665.0,257.0,1793,False,2019-12-27,39.0
47009,Washington,Washington Ronald Reagan,DCA,United States,81665.0,352.0,851,True,2019-12-27,40.0
47009,Washington,Washington Ronald Reagan,DCA,United States,81665.0,255.0,1793,False,2019-12-28,41.0
47009,Washington,Washington Ronald Reagan,DCA,United States,81665.0,223.0,870,False,2019-12-29,42.0
47009,Washington,Washington Ronald Reagan,DCA,United States,81665.0,350.0,851,True,2019-12-29,43.0
47009,Washington,Washington Ronald Reagan,DCA,United States,81665.0,193.0,833,False,2019-12-30,44.0
47009,Washington,Washington Ronald Reagan,DCA,United States,81665.0,223.0,870,False,2019-12-31,45.0
47009,Washington,Washington Ronald Reagan,DCA,United States,81665.0,350.0,851,True,2019-12-31,46.0
