CarrierId,Name
835,Air Canada
898,EVA Air
929,Air China
1065,Frontier Airlines
1276,Japan Airlines
1324,KLM
857,Finnair
898,EVA Air
929,Air China
952,Cathay Pacific
954,China Southern
1276,Japan Airlines
1523,Austrian Airlines
1530,Asiana Airlines
1606,Qantas
1658,Royal Jordanian
1713,Singapore Airlines
1755,Turkish Airlines
854,Avianca (Scheduled)
857,Finnair
870,jetBlue
881,British Airways
1467,Spirit Airlines
1482,Air New Zealand
1523,Austrian Airlines
1710,Brussels Airlines
1755,Turkish Airlines
1793,United
898,EVA Air
929,Air China
1464,ANA
1793,United
835,Air Canada
870,jetBlue
881,British Airways
988,Delta
1035,Emirates
1324,KLM
1368,Lufthansa
1618,Qatar Airways
1755,Turkish Airlines
838,Air France
851,Alaska Airlines
870,jetBlue
988,Delta
1065,Frontier Airlines
1324,KLM
1368,Lufthansa
1467,Spirit Airlines
1523,Austrian Airlines
1707,SAS
1710,Brussels Airlines
1713,Singapore Airlines
1755,Turkish Airlines
833,American Airlines
870,jetBlue
988,Delta
1065,Frontier Airlines
929,Air China
952,Cathay Pacific
1464,ANA
1713,Singapore Airlines
1793,United
870,jetBlue
1218,Iberia
1467,Spirit Airlines
1710,Brussels Airlines
1755,Turkish Airlines
1793,United
898,EVA Air
929,Air China
1464,ANA
1755,Turkish Airlines
1793,United
851,Alaska Airlines
898,EVA Air
1464,ANA
1793,United
870,jetBlue
881,British Airways
1368,Lufthansa
1384,SWISS
1467,Spirit Airlines
1618,Qatar Airways
1713,Singapore Airlines
1755,Turkish Airlines
898,EVA Air
929,Air China
1467,Spirit Airlines
1755,Turkish Airlines
898,EVA Air
929,Air China
1429,China Eastern
833,American Airlines
1065,Frontier Airlines
1467,Spirit Airlines
1793,United
870,jetBlue
881,British Airways
1035,Emirates
1368,Lufthansa
1467,Spirit Airlines
1755,Turkish Airlines
833,American Airlines
1467,Spirit Airlines
1793,United
898,EVA Air
1065,Frontier Airlines
857,Finnair
870,jetBlue
881,British Airways
1218,Iberia
1467,Spirit Airlines
1707,SAS
1713,Singapore Airlines
1907,WestJet
881,British Airways
1218,Iberia
1324,KLM
1482,Air New Zealand
1755,Turkish Airlines
870,jetBlue
881,British Airways
1384,SWISS
1467,Spirit Airlines
1755,Turkish Airlines
1793,United
833,American Airlines
988,Delta
1065,Frontier Airlines
1467,Spirit Airlines
1793,United
1467,Spirit Airlines
1755,Turkish Airlines
835,Air Canada
851,Alaska Airlines
898,EVA Air
929,Air China
1606,Qantas
1618,Qatar Airways
1907,WestJet
223,Interjet
833,American Airlines
952,Cathay Pacific
988,Delta
1482,Air New Zealand
1606,Qantas
1658,Royal Jordanian
1793,United
1907,WestJet
1713,Singapore Airlines
851,Alaska Airlines
857,Finnair
898,EVA Air
1368,Lufthansa
1429,China Eastern
1467,Spirit Airlines
1482,Air New Zealand
1523,Austrian Airlines
1713,Singapore Airlines
1793,United
1467,Spirit Airlines
1793,United
851,Alaska Airlines
870,jetBlue
1907,WestJet
881,British Airways
1218,Iberia
1324,KLM
1482,Air New Zealand
1755,Turkish Airlines
870,jetBlue
881,British Airways
1467,Spirit Airlines
1713,Singapore Airlines
1755,Turkish Airlines
952,Cathay Pacific
954,China Southern
1467,Spirit Airlines
1482,Air New Zealand
1793,United
838,Air France
1467,Spirit Airlines
1713,Singapore Airlines
881,British Airways
981,Condor
988,Delta
1707,SAS
1842,Viva Aerobus
857,Finnair
952,Cathay Pacific
1035,Emirates
1324,KLM
1467,Spirit Airlines
1482,Air New Zealand
1523,Austrian Airlines
1618,Qatar Airways
1793,United
1793,United
1907,WestJet
898,EVA Air
1464,ANA
1618,Qatar Airways
1713,Singapore Airlines
870,jetBlue
881,British Airways
981,Condor
1368,Lufthansa
1467,Spirit Airlines
1482,Air New Zealand
1523,Austrian Airlines
1713,Singapore Airlines
1793,United
857,Finnair
929,Air China
1755,Turkish Airlines
223,Interjet
836,Azul Airlines
854,Avianca (Scheduled)
941,Copa
1793,United
223,Interjet
835,Air Canada
854,Avianca (Scheduled)
988,Delta
1467,Spirit Airlines
1793,United
210,Boutique Air
1065,Frontier Airlines
1793,United
223,Interjet
988,Delta
1606,Qantas
1793,United
1907,WestJet
870,jetBlue
1793,United
838,Air France
1324,KLM
881,British Airways
898,EVA Air
954,China Southern
870,jetBlue
988,Delta
1065,Frontier Airlines
1793,United
